query_id,reads,eccdna_type,CeccClass,length,copy_number,num_segments,num_distinct_loci,cumulative_length,match_degree,segment_in_circle,chr,start0,end0,strand
CeccDNA_000003.1_3|rep0|7484|3|circular,CeccDNA_000003.1_3,Cecc,Cecc-InterChr,7484,3.0,2,2,7478,99.92,1,ChrC,1743,6435,+
CeccDNA_000003.1_3|rep0|7484|3|circular,CeccDNA_000003.1_3,Cecc,Cecc-InterChr,7484,3.0,2,2,7478,99.92,2,Chr3,18362629,18365415,+
CeccDNA_000003.1_9|rep0|7479|2|circular,CeccDNA_000003.1_9,Cecc,Cecc-InterChr,7479,2.0,2,2,7478,99.99,1,Chr3,18362629,18365415,+
CeccDNA_000003.1_9|rep0|7479|2|circular,CeccDNA_000003.1_9,Cecc,Cecc-InterChr,7479,2.0,2,2,7478,99.99,2,ChrC,1743,6435,+
CeccDNA_000004.1_4|rep0|4094|3|circular,CeccDNA_000004.1_4,Cecc,Cecc-InterChr,4094,3.0,2,2,4092,99.95,1,Chr2,6672437,6672678,-
CeccDNA_000004.1_4|rep0|4094|3|circular,CeccDNA_000004.1_4,Cecc,Cecc-InterChr,4094,3.0,2,2,4092,99.95,2,Chr5,2381244,2385095,-
CeccDNA_000004.1_2|rep0|4092|2|circular,CeccDNA_000004.1_2,Cecc,Cecc-InterChr,4092,2.0,2,2,4092,100.0,1,Chr2,6672437,6672678,-
CeccDNA_000004.1_2|rep0|4092|2|circular,CeccDNA_000004.1_2,Cecc,Cecc-InterChr,4092,2.0,2,2,4092,100.0,2,Chr5,2381244,2385095,-
CeccDNA_000004.1_6|rep0|4094|3|circular,CeccDNA_000004.1_6,Cecc,Cecc-InterChr,4094,3.0,2,2,4092,99.95,1,Chr2,6672437,6672678,-
CeccDNA_000004.1_6|rep0|4094|3|circular,CeccDNA_000004.1_6,Cecc,Cecc-InterChr,4094,3.0,2,2,4092,99.95,2,Chr5,2381244,2385095,-
CeccDNA_000004.1_5|rep0|4094|5|circular,CeccDNA_000004.1_5,Cecc,Cecc-InterChr,4094,5.0,2,2,4092,99.95,1,Chr2,6672437,6672678,+
CeccDNA_000004.1_5|rep0|4094|5|circular,CeccDNA_000004.1_5,Cecc,Cecc-InterChr,4094,5.0,2,2,4092,99.95,2,Chr5,2381244,2385095,+
CeccDNA_000056.1_1|rep0|2664|5|circular,CeccDNA_000056.1_1,Cecc,Cecc-InterChr,2664,5.0,2,2,2664,100.0,1,Chr5,11177894,11178698,+
CeccDNA_000056.1_1|rep0|2664|5|circular,CeccDNA_000056.1_1,Cecc,Cecc-InterChr,2664,5.0,2,2,2664,100.0,2,Chr3,20988718,20990578,+
CeccDNA_000004.1_7|rep0|4094|4|circular,CeccDNA_000004.1_7,Cecc,Cecc-InterChr,4094,4.0,2,2,3942,96.29,1,Chr5,2381244,2385095,+
CeccDNA_000004.1_7|rep0|4094|4|circular,CeccDNA_000004.1_7,Cecc,Cecc-InterChr,4094,4.0,2,2,3942,96.29,2,Chr2,6672587,6672678,+
CeccDNA_000004.1_10|rep0|4094|3|circular,CeccDNA_000004.1_10,Cecc,Cecc-InterChr,4094,3.0,2,2,4092,99.95,1,Chr2,6672437,6672678,-
CeccDNA_000004.1_10|rep0|4094|3|circular,CeccDNA_000004.1_10,Cecc,Cecc-InterChr,4094,3.0,2,2,4092,99.95,2,Chr5,2381244,2385095,-
CeccDNA_000056.1_2|rep0|2664|4|circular,CeccDNA_000056.1_2,Cecc,Cecc-InterChr,2664,4.0,2,2,2664,100.0,1,Chr3,20988718,20990578,-
CeccDNA_000056.1_2|rep0|2664|4|circular,CeccDNA_000056.1_2,Cecc,Cecc-InterChr,2664,4.0,2,2,2664,100.0,2,Chr5,11177894,11178698,-
CeccDNA_000056.1_7|rep0|2664|3|circular,CeccDNA_000056.1_7,Cecc,Cecc-InterChr,2664,3.0,2,2,2664,100.0,1,Chr3,20988718,20990578,+
CeccDNA_000056.1_7|rep0|2664|3|circular,CeccDNA_000056.1_7,Cecc,Cecc-InterChr,2664,3.0,2,2,2664,100.0,2,Chr5,11177894,11178698,+
CeccDNA_000056.1_9|rep0|2664|2|circular,CeccDNA_000056.1_9,Cecc,Cecc-InterChr,2664,2.0,2,2,2664,100.0,1,Chr3,20988718,20990578,+
CeccDNA_000056.1_9|rep0|2664|2|circular,CeccDNA_000056.1_9,Cecc,Cecc-InterChr,2664,2.0,2,2,2664,100.0,2,Chr5,11177894,11178698,+
CeccDNA_000056.1_8|rep0|2664|7|circular,CeccDNA_000056.1_8,Cecc,Cecc-InterChr,2664,7.0,2,2,2664,100.0,1,Chr5,11177894,11178698,-
CeccDNA_000056.1_8|rep0|2664|7|circular,CeccDNA_000056.1_8,Cecc,Cecc-InterChr,2664,7.0,2,2,2664,100.0,2,Chr3,20988718,20990578,-
CeccDNA_000006.1_3|rep0|4418|2|circular,CeccDNA_000006.1_3,Cecc,Cecc-InterChr,4418,2.0,2,2,4400,99.59,1,Chr1,6791333,6793693,+
CeccDNA_000006.1_3|rep0|4418|2|circular,CeccDNA_000006.1_3,Cecc,Cecc-InterChr,4418,2.0,2,2,4400,99.59,2,Chr2,11704235,11706275,+
CeccDNA_000059.1_1|rep0|3226|3|circular,CeccDNA_000059.1_1,Cecc,Cecc-InterChr,3226,3.0,2,2,3225,99.97,1,Chr1,22656013,22658192,+
CeccDNA_000059.1_1|rep0|3226|3|circular,CeccDNA_000059.1_1,Cecc,Cecc-InterChr,3226,3.0,2,2,3225,99.97,2,Chr4,15960076,15961122,+
CeccDNA_000059.1_3|rep0|3226|4|circular,CeccDNA_000059.1_3,Cecc,Cecc-InterChr,3226,4.0,2,2,3225,99.97,1,Chr1,22656013,22658192,+
CeccDNA_000059.1_3|rep0|3226|4|circular,CeccDNA_000059.1_3,Cecc,Cecc-InterChr,3226,4.0,2,2,3225,99.97,2,Chr4,15960076,15961122,+
CeccDNA_000007.1_1|rep0|5309|3|circular,CeccDNA_000007.1_1,Cecc,Cecc-InterChr,5309,3.0,2,2,5309,100.0,1,Chr1,6740135,6742680,+
CeccDNA_000007.1_1|rep0|5309|3|circular,CeccDNA_000007.1_1,Cecc,Cecc-InterChr,5309,3.0,2,2,5309,100.0,2,Chr2,11156850,11159614,+
CeccDNA_000007.1_7|rep0|5310|2|circular,CeccDNA_000007.1_7,Cecc,Cecc-InterChr,5310,2.0,2,2,5309,99.98,1,Chr1,6740135,6742680,+
CeccDNA_000007.1_7|rep0|5310|2|circular,CeccDNA_000007.1_7,Cecc,Cecc-InterChr,5310,2.0,2,2,5309,99.98,2,Chr2,11156850,11159614,+
CeccDNA_000007.1_4|rep0|5307|2|circular,CeccDNA_000007.1_4,Cecc,Cecc-InterChr,5307,2.0,2,2,5309,100.04,1,Chr1,6740135,6742680,-
CeccDNA_000007.1_4|rep0|5307|2|circular,CeccDNA_000007.1_4,Cecc,Cecc-InterChr,5307,2.0,2,2,5309,100.04,2,Chr2,11156850,11159614,-
CeccDNA_000007.1_6|rep0|5309|2|circular,CeccDNA_000007.1_6,Cecc,Cecc-InterChr,5309,2.0,2,2,5309,100.0,1,Chr1,6740135,6742680,-
CeccDNA_000007.1_6|rep0|5309|2|circular,CeccDNA_000007.1_6,Cecc,Cecc-InterChr,5309,2.0,2,2,5309,100.0,2,Chr2,11156850,11159614,-
CeccDNA_000007.1_8|rep0|5309|5|circular,CeccDNA_000007.1_8,Cecc,Cecc-InterChr,5309,5.0,2,2,5309,100.0,1,Chr1,6740135,6742680,-
CeccDNA_000007.1_8|rep0|5309|5|circular,CeccDNA_000007.1_8,Cecc,Cecc-InterChr,5309,5.0,2,2,5309,100.0,2,Chr2,11156850,11159614,-
CeccDNA_000061.1_6|rep0|5734|2|circular,CeccDNA_000061.1_6,Cecc,Cecc-InterChr,5734,2.0,2,2,5725,99.84,1,Chr4,140058,143736,-
CeccDNA_000061.1_6|rep0|5734|2|circular,CeccDNA_000061.1_6,Cecc,Cecc-InterChr,5734,2.0,2,2,5725,99.84,2,Chr3,3088774,3090821,-
CeccDNA_000008.1_3|rep0|5050|2|circular,CeccDNA_000008.1_3,Cecc,Cecc-InterChr,5050,2.0,2,2,5051,100.02,1,Chr2,9744674,9748813,+
CeccDNA_000008.1_3|rep0|5050|2|circular,CeccDNA_000008.1_3,Cecc,Cecc-InterChr,5050,2.0,2,2,5051,100.02,2,Chr3,20559438,20560350,+
CeccDNA_000008.1_9|rep0|5050|4|circular,CeccDNA_000008.1_9,Cecc,Cecc-InterChr,5050,4.0,2,2,5051,100.02,1,Chr2,9744674,9748813,+
CeccDNA_000008.1_9|rep0|5050|4|circular,CeccDNA_000008.1_9,Cecc,Cecc-InterChr,5050,4.0,2,2,5051,100.02,2,Chr3,20559438,20560350,+
CeccDNA_000008.1_7|rep0|5050|2|circular,CeccDNA_000008.1_7,Cecc,Cecc-InterChr,5050,2.0,2,2,5051,100.02,1,Chr2,9744674,9748813,+
CeccDNA_000008.1_7|rep0|5050|2|circular,CeccDNA_000008.1_7,Cecc,Cecc-InterChr,5050,2.0,2,2,5051,100.02,2,Chr3,20559438,20560350,+
CeccDNA_000008.1_11|rep0|5050|3|circular,CeccDNA_000008.1_11,Cecc,Cecc-InterChr,5050,3.0,2,2,5051,100.02,1,Chr2,9744674,9748813,+
CeccDNA_000008.1_11|rep0|5050|3|circular,CeccDNA_000008.1_11,Cecc,Cecc-InterChr,5050,3.0,2,2,5051,100.02,2,Chr3,20559438,20560350,+
CeccDNA_000008.1_10|rep0|5051|2|circular,CeccDNA_000008.1_10,Cecc,Cecc-InterChr,5051,2.0,2,2,5051,100.0,1,Chr3,20559438,20560350,-
CeccDNA_000008.1_10|rep0|5051|2|circular,CeccDNA_000008.1_10,Cecc,Cecc-InterChr,5051,2.0,2,2,5051,100.0,2,Chr2,9744674,9748813,-
CeccDNA_000008.1_12|rep0|5050|2|circular,CeccDNA_000008.1_12,Cecc,Cecc-InterChr,5050,2.0,2,2,5051,100.02,1,Chr3,20559438,20560350,-
CeccDNA_000008.1_12|rep0|5050|2|circular,CeccDNA_000008.1_12,Cecc,Cecc-InterChr,5050,2.0,2,2,5051,100.02,2,Chr2,9744674,9748813,-
CeccDNA_000008.1_13|rep0|5052|3|circular,CeccDNA_000008.1_13,Cecc,Cecc-InterChr,5052,3.0,2,2,5051,99.98,1,Chr3,20559438,20560350,+
CeccDNA_000008.1_13|rep0|5052|3|circular,CeccDNA_000008.1_13,Cecc,Cecc-InterChr,5052,3.0,2,2,5051,99.98,2,Chr2,9744674,9748813,+
CeccDNA_000009.1_4|rep0|5757|4|circular,CeccDNA_000009.1_4,Cecc,Cecc-InterChr,5757,4.0,2,2,5647,98.09,1,Chr1,32137687,32139561,-
CeccDNA_000009.1_4|rep0|5757|4|circular,CeccDNA_000009.1_4,Cecc,Cecc-InterChr,5757,4.0,2,2,5647,98.09,2,Chr5,25419195,25422968,-
CeccDNA_000009.1_3|rep0|5762|2|circular,CeccDNA_000009.1_3,Cecc,Cecc-InterChr,5762,2.0,2,2,5757,99.91,1,Chr1,32137577,32139561,+
CeccDNA_000009.1_3|rep0|5762|2|circular,CeccDNA_000009.1_3,Cecc,Cecc-InterChr,5762,2.0,2,2,5757,99.91,2,Chr5,25419195,25422968,+
CeccDNA_000064.1_12|rep0|7778|2|circular,CeccDNA_000064.1_12,Cecc,Cecc-InterChr,7778,2.0,3,3,7773,99.94,1,Chr3,1381163,1385444,-
CeccDNA_000064.1_12|rep0|7778|2|circular,CeccDNA_000064.1_12,Cecc,Cecc-InterChr,7778,2.0,3,3,7773,99.94,2,Chr4,14539672,14542377,-
CeccDNA_000064.1_12|rep0|7778|2|circular,CeccDNA_000064.1_12,Cecc,Cecc-InterChr,7778,2.0,3,3,7773,99.94,3,Chr5,28974471,28975258,-
CeccDNA_000064.1_13|rep0|7780|2|circular,CeccDNA_000064.1_13,Cecc,Cecc-InterChr,7780,2.0,3,3,7775,99.94,1,Chr3,1381163,1385445,+
CeccDNA_000064.1_13|rep0|7780|2|circular,CeccDNA_000064.1_13,Cecc,Cecc-InterChr,7780,2.0,3,3,7775,99.94,2,Chr5,28974470,28975258,+
CeccDNA_000064.1_13|rep0|7780|2|circular,CeccDNA_000064.1_13,Cecc,Cecc-InterChr,7780,2.0,3,3,7775,99.94,3,Chr4,14539672,14542377,+
CeccDNA_000064.1_19|rep0|7773|2|circular,CeccDNA_000064.1_19,Cecc,Cecc-InterChr,7773,2.0,3,3,7775,100.03,1,Chr3,1381163,1385445,+
CeccDNA_000064.1_19|rep0|7773|2|circular,CeccDNA_000064.1_19,Cecc,Cecc-InterChr,7773,2.0,3,3,7775,100.03,2,Chr5,28974470,28975258,+
CeccDNA_000064.1_19|rep0|7773|2|circular,CeccDNA_000064.1_19,Cecc,Cecc-InterChr,7773,2.0,3,3,7775,100.03,3,Chr4,14539672,14542377,+
CeccDNA_000064.1_20|rep0|7773|3|circular,CeccDNA_000064.1_20,Cecc,Cecc-InterChr,7773,3.0,3,3,7775,100.03,1,Chr4,14539672,14542377,-
CeccDNA_000064.1_20|rep0|7773|3|circular,CeccDNA_000064.1_20,Cecc,Cecc-InterChr,7773,3.0,3,3,7775,100.03,2,Chr5,28974470,28975258,-
CeccDNA_000064.1_20|rep0|7773|3|circular,CeccDNA_000064.1_20,Cecc,Cecc-InterChr,7773,3.0,3,3,7775,100.03,3,Chr3,1381163,1385445,-
CeccDNA_000064.1_26|rep0|7780|2|circular,CeccDNA_000064.1_26,Cecc,Cecc-InterChr,7780,2.0,3,3,7775,99.94,1,Chr4,14539672,14542377,-
CeccDNA_000064.1_26|rep0|7780|2|circular,CeccDNA_000064.1_26,Cecc,Cecc-InterChr,7780,2.0,3,3,7775,99.94,2,Chr5,28974470,28975258,-
CeccDNA_000064.1_26|rep0|7780|2|circular,CeccDNA_000064.1_26,Cecc,Cecc-InterChr,7780,2.0,3,3,7775,99.94,3,Chr3,1381163,1385445,-
CeccDNA_000010.1_1|rep0|4642|3|circular,CeccDNA_000010.1_1,Cecc,Cecc-InterChr,4642,3.0,2,2,4642,100.0,1,Chr3,6282438,6285915,+
CeccDNA_000010.1_1|rep0|4642|3|circular,CeccDNA_000010.1_1,Cecc,Cecc-InterChr,4642,3.0,2,2,4642,100.0,2,Chr4,3169960,3171125,+
CeccDNA_000010.1_2|rep0|4642|2|circular,CeccDNA_000010.1_2,Cecc,Cecc-InterChr,4642,2.0,2,2,4642,100.0,1,Chr4,3169960,3171125,-
CeccDNA_000010.1_2|rep0|4642|2|circular,CeccDNA_000010.1_2,Cecc,Cecc-InterChr,4642,2.0,2,2,4642,100.0,2,Chr3,6282438,6285915,-
CeccDNA_000012.1_4|rep0|7256|2|circular,CeccDNA_000012.1_4,Cecc,Cecc-InterChr,7256,2.0,2,2,7254,99.97,1,ChrC,1743,6435,-
CeccDNA_000012.1_4|rep0|7256|2|circular,CeccDNA_000012.1_4,Cecc,Cecc-InterChr,7256,2.0,2,2,7254,99.97,2,Chr4,20619545,20622107,-
CeccDNA_000012.1_5|rep0|7266|2|circular,CeccDNA_000012.1_5,Cecc,Cecc-InterChr,7266,2.0,2,2,7250,99.78,1,Chr4,20619545,20622107,+
CeccDNA_000012.1_5|rep0|7266|2|circular,CeccDNA_000012.1_5,Cecc,Cecc-InterChr,7266,2.0,2,2,7250,99.78,2,ChrC,1743,6431,+
CeccDNA_000014.1_3|rep0|5291|3|circular,CeccDNA_000014.1_3,Cecc,Cecc-InterChr,5291,3.0,3,3,5285,99.89,1,Chr1,8227105,8228242,+
CeccDNA_000014.1_3|rep0|5291|3|circular,CeccDNA_000014.1_3,Cecc,Cecc-InterChr,5291,3.0,3,3,5285,99.89,2,Chr3,5694565,5694999,+
CeccDNA_000014.1_3|rep0|5291|3|circular,CeccDNA_000014.1_3,Cecc,Cecc-InterChr,5291,3.0,3,3,5285,99.89,3,Chr4,18194780,18198494,+
CeccDNA_000014.1_1|rep0|5288|4|circular,CeccDNA_000014.1_1,Cecc,Cecc-InterChr,5288,4.0,3,3,5288,100.0,1,Chr1,8227105,8228242,+
CeccDNA_000014.1_1|rep0|5288|4|circular,CeccDNA_000014.1_1,Cecc,Cecc-InterChr,5288,4.0,3,3,5288,100.0,2,Chr3,5694565,5694999,+
CeccDNA_000014.1_1|rep0|5288|4|circular,CeccDNA_000014.1_1,Cecc,Cecc-InterChr,5288,4.0,3,3,5288,100.0,3,Chr4,18194780,18198497,+
CeccDNA_000014.1_7|rep0|5289|2|circular,CeccDNA_000014.1_7,Cecc,Cecc-InterChr,5289,2.0,3,3,5288,99.98,1,Chr1,8227105,8228242,+
CeccDNA_000014.1_7|rep0|5289|2|circular,CeccDNA_000014.1_7,Cecc,Cecc-InterChr,5289,2.0,3,3,5288,99.98,2,Chr3,5694565,5694999,+
CeccDNA_000014.1_7|rep0|5289|2|circular,CeccDNA_000014.1_7,Cecc,Cecc-InterChr,5289,2.0,3,3,5288,99.98,3,Chr4,18194780,18198497,+
CeccDNA_000012.1_14|rep0|7256|2|circular,CeccDNA_000012.1_14,Cecc,Cecc-InterChr,7256,2.0,2,2,7254,99.97,1,ChrC,1743,6435,-
CeccDNA_000012.1_14|rep0|7256|2|circular,CeccDNA_000012.1_14,Cecc,Cecc-InterChr,7256,2.0,2,2,7254,99.97,2,Chr4,20619545,20622107,-
CeccDNA_000065.1_18|rep0|10835|2|circular,CeccDNA_000065.1_18,Cecc,Cecc-InterChr,10835,2.0,3,3,10835,100.0,1,ChrC,1743,6435,-
CeccDNA_000065.1_18|rep0|10835|2|circular,CeccDNA_000065.1_18,Cecc,Cecc-InterChr,10835,2.0,3,3,10835,100.0,2,Chr4,15596790,15598695,-
CeccDNA_000065.1_18|rep0|10835|2|circular,CeccDNA_000065.1_18,Cecc,Cecc-InterChr,10835,2.0,3,3,10835,100.0,3,Chr3,21148093,21152331,-
CeccDNA_000014.1_10|rep0|5288|2|circular,CeccDNA_000014.1_10,Cecc,Cecc-InterChr,5288,2.0,3,3,5288,100.0,1,Chr4,18194780,18198497,-
CeccDNA_000014.1_10|rep0|5288|2|circular,CeccDNA_000014.1_10,Cecc,Cecc-InterChr,5288,2.0,3,3,5288,100.0,2,Chr3,5694565,5694999,-
CeccDNA_000014.1_10|rep0|5288|2|circular,CeccDNA_000014.1_10,Cecc,Cecc-InterChr,5288,2.0,3,3,5288,100.0,3,Chr1,8227105,8228242,-
CeccDNA_000014.1_12|rep0|5288|4|circular,CeccDNA_000014.1_12,Cecc,Cecc-InterChr,5288,4.0,3,3,5288,100.0,1,Chr3,5694565,5694999,-
CeccDNA_000014.1_12|rep0|5288|4|circular,CeccDNA_000014.1_12,Cecc,Cecc-InterChr,5288,4.0,3,3,5288,100.0,2,Chr1,8227105,8228242,-
CeccDNA_000014.1_12|rep0|5288|4|circular,CeccDNA_000014.1_12,Cecc,Cecc-InterChr,5288,4.0,3,3,5288,100.0,3,Chr4,18194780,18198497,-
CeccDNA_000066.1_4|rep0|5984|2|circular,CeccDNA_000066.1_4,Cecc,Cecc-InterChr,5984,2.0,2,2,5985,100.02,1,ChrC,1743,6435,-
CeccDNA_000066.1_4|rep0|5984|2|circular,CeccDNA_000066.1_4,Cecc,Cecc-InterChr,5984,2.0,2,2,5985,100.02,2,Chr2,12469650,12470943,-
CeccDNA_000066.1_12|rep0|5985|3|circular,CeccDNA_000066.1_12,Cecc,Cecc-InterChr,5985,3.0,2,2,5985,100.0,1,ChrC,1743,6435,-
CeccDNA_000066.1_12|rep0|5985|3|circular,CeccDNA_000066.1_12,Cecc,Cecc-InterChr,5985,3.0,2,2,5985,100.0,2,Chr2,12469650,12470943,-
CeccDNA_000066.1_19|rep0|5984|2|circular,CeccDNA_000066.1_19,Cecc,Cecc-InterChr,5984,2.0,2,2,5985,100.02,1,ChrC,1743,6435,+
CeccDNA_000066.1_19|rep0|5984|2|circular,CeccDNA_000066.1_19,Cecc,Cecc-InterChr,5984,2.0,2,2,5985,100.02,2,Chr2,12469650,12470943,+
CeccDNA_000066.1_17|rep0|5985|2|circular,CeccDNA_000066.1_17,Cecc,Cecc-InterChr,5985,2.0,2,2,5985,100.0,1,ChrC,1743,6435,+
CeccDNA_000066.1_17|rep0|5985|2|circular,CeccDNA_000066.1_17,Cecc,Cecc-InterChr,5985,2.0,2,2,5985,100.0,2,Chr2,12469650,12470943,+
CeccDNA_000066.1_23|rep0|5984|3|circular,CeccDNA_000066.1_23,Cecc,Cecc-InterChr,5984,3.0,2,2,5985,100.02,1,ChrC,1743,6435,+
CeccDNA_000066.1_23|rep0|5984|3|circular,CeccDNA_000066.1_23,Cecc,Cecc-InterChr,5984,3.0,2,2,5985,100.02,2,Chr2,12469650,12470943,+
CeccDNA_000066.1_22|rep0|5987|2|circular,CeccDNA_000066.1_22,Cecc,Cecc-InterChr,5987,2.0,2,2,5985,99.97,1,ChrC,1743,6435,-
CeccDNA_000066.1_22|rep0|5987|2|circular,CeccDNA_000066.1_22,Cecc,Cecc-InterChr,5987,2.0,2,2,5985,99.97,2,Chr2,12469650,12470943,-
CeccDNA_000015.1_9|rep0|6873|2|circular,CeccDNA_000015.1_9,Cecc,Cecc-InterChr,6873,2.0,2,2,6869,99.94,1,ChrC,1743,6434,+
CeccDNA_000015.1_9|rep0|6873|2|circular,CeccDNA_000015.1_9,Cecc,Cecc-InterChr,6873,2.0,2,2,6869,99.94,2,Chr3,24551576,24553754,+
CeccDNA_000015.1_5|rep0|6871|2|circular,CeccDNA_000015.1_5,Cecc,Cecc-InterChr,6871,2.0,2,2,6870,99.99,1,ChrC,1743,6435,+
CeccDNA_000015.1_5|rep0|6871|2|circular,CeccDNA_000015.1_5,Cecc,Cecc-InterChr,6871,2.0,2,2,6870,99.99,2,Chr3,24551576,24553754,+
CeccDNA_000068.1_7|rep0|5966|2|circular,CeccDNA_000068.1_7,Cecc,Cecc-InterChr,5966,2.0,2,2,5965,99.98,1,Chr3,16677578,16678851,+
CeccDNA_000068.1_7|rep0|5966|2|circular,CeccDNA_000068.1_7,Cecc,Cecc-InterChr,5966,2.0,2,2,5965,99.98,2,ChrC,1743,6435,+
CeccDNA_000015.1_4|rep0|6870|4|circular,CeccDNA_000015.1_4,Cecc,Cecc-InterChr,6870,4.0,2,2,6870,100.0,1,Chr3,24551576,24553754,-
CeccDNA_000015.1_4|rep0|6870|4|circular,CeccDNA_000015.1_4,Cecc,Cecc-InterChr,6870,4.0,2,2,6870,100.0,2,ChrC,1743,6435,-
CeccDNA_000068.1_5|rep0|5964|3|circular,CeccDNA_000068.1_5,Cecc,Cecc-InterChr,5964,3.0,2,2,5965,100.02,1,Chr3,16677578,16678851,+
CeccDNA_000068.1_5|rep0|5964|3|circular,CeccDNA_000068.1_5,Cecc,Cecc-InterChr,5964,3.0,2,2,5965,100.02,2,ChrC,1743,6435,+
CeccDNA_000015.1_12|rep0|6870|2|circular,CeccDNA_000015.1_12,Cecc,Cecc-InterChr,6870,2.0,2,2,6870,100.0,1,ChrC,1743,6435,-
CeccDNA_000015.1_12|rep0|6870|2|circular,CeccDNA_000015.1_12,Cecc,Cecc-InterChr,6870,2.0,2,2,6870,100.0,2,Chr3,24551576,24553754,-
CeccDNA_000069.1_2|rep0|6592|2|circular,CeccDNA_000069.1_2,Cecc,Cecc-InterChr,6592,2.0,2,2,6593,100.02,1,Chr5,21543706,21545607,-
CeccDNA_000069.1_2|rep0|6592|2|circular,CeccDNA_000069.1_2,Cecc,Cecc-InterChr,6592,2.0,2,2,6593,100.02,2,ChrC,1743,6435,-
CeccDNA_000071.1_5|rep0|9300|2|circular,CeccDNA_000071.1_5,Cecc,Cecc-InterChr,9300,2.0,2,2,9299,99.99,1,Chr5,4733816,4738627,+
CeccDNA_000071.1_5|rep0|9300|2|circular,CeccDNA_000071.1_5,Cecc,Cecc-InterChr,9300,2.0,2,2,9299,99.99,2,Chr4,21214553,21219041,+
CeccDNA_000016.1_3|rep0|5935|2|circular,CeccDNA_000016.1_3,Cecc,Cecc-InterChr,5935,2.0,2,2,5931,99.93,1,Chr1,22070919,22072158,+
CeccDNA_000016.1_3|rep0|5935|2|circular,CeccDNA_000016.1_3,Cecc,Cecc-InterChr,5935,2.0,2,2,5931,99.93,2,ChrC,1743,6435,+
CeccDNA_000016.1_6|rep0|5935|2|circular,CeccDNA_000016.1_6,Cecc,Cecc-InterChr,5935,2.0,2,2,5931,99.93,1,Chr1,22070919,22072158,-
CeccDNA_000016.1_6|rep0|5935|2|circular,CeccDNA_000016.1_6,Cecc,Cecc-InterChr,5935,2.0,2,2,5931,99.93,2,ChrC,1743,6435,-
CeccDNA_000016.1_12|rep0|5934|3|circular,CeccDNA_000016.1_12,Cecc,Cecc-InterChr,5934,3.0,2,2,5931,99.95,1,Chr1,22070919,22072158,-
CeccDNA_000016.1_12|rep0|5934|3|circular,CeccDNA_000016.1_12,Cecc,Cecc-InterChr,5934,3.0,2,2,5931,99.95,2,ChrC,1743,6435,-
CeccDNA_000016.1_13|rep0|5936|2|circular,CeccDNA_000016.1_13,Cecc,Cecc-InterChr,5936,2.0,2,2,5931,99.92,1,Chr1,22070919,22072158,+
CeccDNA_000016.1_13|rep0|5936|2|circular,CeccDNA_000016.1_13,Cecc,Cecc-InterChr,5936,2.0,2,2,5931,99.92,2,ChrC,1743,6435,+
CeccDNA_000067.1_8|rep0|5650|2|circular,CeccDNA_000067.1_8,Cecc,Cecc-InterChr,5650,2.0,2,2,5646,99.93,1,ChrC,1743,6435,-
CeccDNA_000067.1_8|rep0|5650|2|circular,CeccDNA_000067.1_8,Cecc,Cecc-InterChr,5650,2.0,2,2,5646,99.93,2,Chr2,19918377,19919331,-
CeccDNA_000016.1_26|rep0|5932|2|circular,CeccDNA_000016.1_26,Cecc,Cecc-InterChr,5932,2.0,2,2,5931,99.98,1,Chr1,22070919,22072158,-
CeccDNA_000016.1_26|rep0|5932|2|circular,CeccDNA_000016.1_26,Cecc,Cecc-InterChr,5932,2.0,2,2,5931,99.98,2,ChrC,1743,6435,-
CeccDNA_000016.1_14|rep0|5936|2|circular,CeccDNA_000016.1_14,Cecc,Cecc-InterChr,5936,2.0,2,2,5931,99.92,1,Chr1,22070919,22072158,-
CeccDNA_000016.1_14|rep0|5936|2|circular,CeccDNA_000016.1_14,Cecc,Cecc-InterChr,5936,2.0,2,2,5931,99.92,2,ChrC,1743,6435,-
CeccDNA_000016.1_18|rep0|5927|2|circular,CeccDNA_000016.1_18,Cecc,Cecc-InterChr,5927,2.0,2,2,5931,100.07,1,ChrC,1743,6435,-
CeccDNA_000016.1_18|rep0|5927|2|circular,CeccDNA_000016.1_18,Cecc,Cecc-InterChr,5927,2.0,2,2,5931,100.07,2,Chr1,22070919,22072158,-
CeccDNA_000067.1_2|rep0|5646|3|circular,CeccDNA_000067.1_2,Cecc,Cecc-InterChr,5646,3.0,2,2,5646,100.0,1,ChrC,1743,6435,-
CeccDNA_000067.1_2|rep0|5646|3|circular,CeccDNA_000067.1_2,Cecc,Cecc-InterChr,5646,3.0,2,2,5646,100.0,2,Chr2,19918377,19919331,-
CeccDNA_000016.1_21|rep0|5934|3|circular,CeccDNA_000016.1_21,Cecc,Cecc-InterChr,5934,3.0,2,2,5931,99.95,1,Chr1,22070919,22072158,+
CeccDNA_000016.1_21|rep0|5934|3|circular,CeccDNA_000016.1_21,Cecc,Cecc-InterChr,5934,3.0,2,2,5931,99.95,2,ChrC,1743,6435,+
CeccDNA_000067.1_12|rep0|5648|2|circular,CeccDNA_000067.1_12,Cecc,Cecc-InterChr,5648,2.0,2,2,5646,99.96,1,ChrC,1743,6435,-
CeccDNA_000067.1_12|rep0|5648|2|circular,CeccDNA_000067.1_12,Cecc,Cecc-InterChr,5648,2.0,2,2,5646,99.96,2,Chr2,19918377,19919331,-
CeccDNA_000067.1_15|rep0|5646|4|circular,CeccDNA_000067.1_15,Cecc,Cecc-InterChr,5646,4.0,2,2,5646,100.0,1,Chr2,19918377,19919331,+
CeccDNA_000067.1_15|rep0|5646|4|circular,CeccDNA_000067.1_15,Cecc,Cecc-InterChr,5646,4.0,2,2,5646,100.0,2,ChrC,1743,6435,+
CeccDNA_000067.1_13|rep0|5646|3|circular,CeccDNA_000067.1_13,Cecc,Cecc-InterChr,5646,3.0,2,2,5646,100.0,1,Chr2,19918377,19919331,+
CeccDNA_000067.1_13|rep0|5646|3|circular,CeccDNA_000067.1_13,Cecc,Cecc-InterChr,5646,3.0,2,2,5646,100.0,2,ChrC,1743,6435,+
CeccDNA_000067.1_17|rep0|5646|3|circular,CeccDNA_000067.1_17,Cecc,Cecc-InterChr,5646,3.0,2,2,5646,100.0,1,Chr2,19918377,19919331,+
CeccDNA_000067.1_17|rep0|5646|3|circular,CeccDNA_000067.1_17,Cecc,Cecc-InterChr,5646,3.0,2,2,5646,100.0,2,ChrC,1743,6435,+
CeccDNA_000067.1_21|rep0|5641|2|circular,CeccDNA_000067.1_21,Cecc,Cecc-InterChr,5641,2.0,2,2,5646,100.09,1,ChrC,1743,6435,+
CeccDNA_000067.1_21|rep0|5641|2|circular,CeccDNA_000067.1_21,Cecc,Cecc-InterChr,5641,2.0,2,2,5646,100.09,2,Chr2,19918377,19919331,+
CeccDNA_000067.1_23|rep0|5650|3|circular,CeccDNA_000067.1_23,Cecc,Cecc-InterChr,5650,3.0,2,2,5646,99.93,1,ChrC,1743,6435,+
CeccDNA_000067.1_23|rep0|5650|3|circular,CeccDNA_000067.1_23,Cecc,Cecc-InterChr,5650,3.0,2,2,5646,99.93,2,Chr2,19918377,19919331,+
CeccDNA_000067.1_26|rep0|5646|3|circular,CeccDNA_000067.1_26,Cecc,Cecc-InterChr,5646,3.0,2,2,5646,100.0,1,ChrC,1743,6435,-
CeccDNA_000067.1_26|rep0|5646|3|circular,CeccDNA_000067.1_26,Cecc,Cecc-InterChr,5646,3.0,2,2,5646,100.0,2,Chr2,19918377,19919331,-
CeccDNA_000067.1_25|rep0|5646|3|circular,CeccDNA_000067.1_25,Cecc,Cecc-InterChr,5646,3.0,2,2,5646,100.0,1,Chr2,19918377,19919331,+
CeccDNA_000067.1_25|rep0|5646|3|circular,CeccDNA_000067.1_25,Cecc,Cecc-InterChr,5646,3.0,2,2,5646,100.0,2,ChrC,1743,6435,+
CeccDNA_000067.1_24|rep0|5646|2|circular,CeccDNA_000067.1_24,Cecc,Cecc-InterChr,5646,2.0,2,2,5646,100.0,1,Chr2,19918377,19919331,-
CeccDNA_000067.1_24|rep0|5646|2|circular,CeccDNA_000067.1_24,Cecc,Cecc-InterChr,5646,2.0,2,2,5646,100.0,2,ChrC,1743,6435,-
CeccDNA_000067.1_28|rep0|5647|3|circular,CeccDNA_000067.1_28,Cecc,Cecc-InterChr,5647,3.0,2,2,5646,99.98,1,ChrC,1743,6435,-
CeccDNA_000067.1_28|rep0|5647|3|circular,CeccDNA_000067.1_28,Cecc,Cecc-InterChr,5647,3.0,2,2,5646,99.98,2,Chr2,19918377,19919331,-
CeccDNA_000067.1_30|rep0|5647|2|circular,CeccDNA_000067.1_30,Cecc,Cecc-InterChr,5647,2.0,2,2,5646,99.98,1,ChrC,1743,6435,-
CeccDNA_000067.1_30|rep0|5647|2|circular,CeccDNA_000067.1_30,Cecc,Cecc-InterChr,5647,2.0,2,2,5646,99.98,2,Chr2,19918377,19919331,-
CeccDNA_000067.1_32|rep0|5646|4|circular,CeccDNA_000067.1_32,Cecc,Cecc-InterChr,5646,4.0,2,2,5646,100.0,1,ChrC,1743,6435,-
CeccDNA_000067.1_32|rep0|5646|4|circular,CeccDNA_000067.1_32,Cecc,Cecc-InterChr,5646,4.0,2,2,5646,100.0,2,Chr2,19918377,19919331,-
CeccDNA_000067.1_27|rep0|5646|2|circular,CeccDNA_000067.1_27,Cecc,Cecc-InterChr,5646,2.0,2,2,5646,100.0,1,Chr2,19918377,19919331,+
CeccDNA_000067.1_27|rep0|5646|2|circular,CeccDNA_000067.1_27,Cecc,Cecc-InterChr,5646,2.0,2,2,5646,100.0,2,ChrC,1743,6435,+
CeccDNA_000067.1_31|rep0|5646|2|circular,CeccDNA_000067.1_31,Cecc,Cecc-InterChr,5646,2.0,2,2,5642,99.93,1,Chr2,19918377,19919331,+
CeccDNA_000067.1_31|rep0|5646|2|circular,CeccDNA_000067.1_31,Cecc,Cecc-InterChr,5646,2.0,2,2,5642,99.93,2,ChrC,1748,6436,+
CeccDNA_000017.1_3|rep0|3079|3|circular,CeccDNA_000017.1_3,Cecc,Cecc-InterChr,3079,3.0,2,2,3079,100.0,1,Chr3,8417740,8419581,+
CeccDNA_000017.1_3|rep0|3079|3|circular,CeccDNA_000017.1_3,Cecc,Cecc-InterChr,3079,3.0,2,2,3079,100.0,2,Chr2,17614903,17616141,+
CeccDNA_000017.1_5|rep0|3081|5|circular,CeccDNA_000017.1_5,Cecc,Cecc-InterChr,3081,5.0,2,2,3079,99.94,1,Chr2,17614903,17616141,+
CeccDNA_000017.1_5|rep0|3081|5|circular,CeccDNA_000017.1_5,Cecc,Cecc-InterChr,3081,5.0,2,2,3079,99.94,2,Chr3,8417740,8419581,+
CeccDNA_000070.1_2|rep0|5680|3|circular,CeccDNA_000070.1_2,Cecc,Cecc-InterChr,5680,3.0,2,2,5684,100.07,1,Chr4,9421721,9426111,-
CeccDNA_000070.1_2|rep0|5680|3|circular,CeccDNA_000070.1_2,Cecc,Cecc-InterChr,5680,3.0,2,2,5684,100.07,2,Chr2,21328705,21329999,-
CeccDNA_000070.1_9|rep0|5682|2|circular,CeccDNA_000070.1_9,Cecc,Cecc-InterChr,5682,2.0,2,2,5684,100.04,1,Chr2,21328705,21329999,+
CeccDNA_000070.1_9|rep0|5682|2|circular,CeccDNA_000070.1_9,Cecc,Cecc-InterChr,5682,2.0,2,2,5684,100.04,2,Chr4,9421721,9426111,+
CeccDNA_000019.1_10|rep0|7107|2|circular,CeccDNA_000019.1_10,Cecc,Cecc-InterChr,7107,2.0,2,2,7106,99.99,1,Chr1,29757426,29761720,-
CeccDNA_000019.1_10|rep0|7107|2|circular,CeccDNA_000019.1_10,Cecc,Cecc-InterChr,7107,2.0,2,2,7106,99.99,2,Chr2,2170131,2172943,-
CeccDNA_000019.1_4|rep0|7107|3|circular,CeccDNA_000019.1_4,Cecc,Cecc-InterChr,7107,3.0,2,2,7106,99.99,1,Chr2,2170131,2172943,-
CeccDNA_000019.1_4|rep0|7107|3|circular,CeccDNA_000019.1_4,Cecc,Cecc-InterChr,7107,3.0,2,2,7106,99.99,2,Chr1,29757426,29761720,-
CeccDNA_000019.1_13|rep0|7105|2|circular,CeccDNA_000019.1_13,Cecc,Cecc-InterChr,7105,2.0,2,2,7106,100.01,1,Chr1,29757426,29761720,+
CeccDNA_000019.1_13|rep0|7105|2|circular,CeccDNA_000019.1_13,Cecc,Cecc-InterChr,7105,2.0,2,2,7106,100.01,2,Chr2,2170131,2172943,+
CeccDNA_000019.1_25|rep0|7109|2|circular,CeccDNA_000019.1_25,Cecc,Cecc-InterChr,7109,2.0,2,2,7106,99.96,1,Chr1,29757426,29761720,+
CeccDNA_000019.1_25|rep0|7109|2|circular,CeccDNA_000019.1_25,Cecc,Cecc-InterChr,7109,2.0,2,2,7106,99.96,2,Chr2,2170131,2172943,+
CeccDNA_000019.1_20|rep0|7108|2|circular,CeccDNA_000019.1_20,Cecc,Cecc-InterChr,7108,2.0,2,2,7106,99.97,1,Chr1,29757426,29761720,-
CeccDNA_000019.1_20|rep0|7108|2|circular,CeccDNA_000019.1_20,Cecc,Cecc-InterChr,7108,2.0,2,2,7106,99.97,2,Chr2,2170131,2172943,-
CeccDNA_000074.1_5|rep0|6510|3|circular,CeccDNA_000074.1_5,Cecc,Cecc-InterChr,6510,3.0,2,2,6512,100.03,1,Chr1,6631517,6635171,+
CeccDNA_000074.1_5|rep0|6510|3|circular,CeccDNA_000074.1_5,Cecc,Cecc-InterChr,6510,3.0,2,2,6512,100.03,2,Chr5,10226973,10229831,+
CeccDNA_000074.1_4|rep0|6513|2|circular,CeccDNA_000074.1_4,Cecc,Cecc-InterChr,6513,2.0,2,2,6512,99.98,1,Chr1,6631517,6635171,-
CeccDNA_000074.1_4|rep0|6513|2|circular,CeccDNA_000074.1_4,Cecc,Cecc-InterChr,6513,2.0,2,2,6512,99.98,2,Chr5,10226973,10229831,-
CeccDNA_000074.1_6|rep0|6511|2|circular,CeccDNA_000074.1_6,Cecc,Cecc-InterChr,6511,2.0,2,2,6512,100.02,1,Chr1,6631517,6635171,-
CeccDNA_000074.1_6|rep0|6511|2|circular,CeccDNA_000074.1_6,Cecc,Cecc-InterChr,6511,2.0,2,2,6512,100.02,2,Chr5,10226973,10229831,-
CeccDNA_000074.1_10|rep0|6512|2|circular,CeccDNA_000074.1_10,Cecc,Cecc-InterChr,6512,2.0,2,2,6512,100.0,1,Chr1,6631517,6635171,-
CeccDNA_000074.1_10|rep0|6512|2|circular,CeccDNA_000074.1_10,Cecc,Cecc-InterChr,6512,2.0,2,2,6512,100.0,2,Chr5,10226973,10229831,-
CeccDNA_000074.1_18|rep0|6517|2|circular,CeccDNA_000074.1_18,Cecc,Cecc-InterChr,6517,2.0,2,2,6512,99.92,1,Chr1,6631517,6635171,-
CeccDNA_000074.1_18|rep0|6517|2|circular,CeccDNA_000074.1_18,Cecc,Cecc-InterChr,6517,2.0,2,2,6512,99.92,2,Chr5,10226973,10229831,-
CeccDNA_000074.1_9|rep0|6512|2|circular,CeccDNA_000074.1_9,Cecc,Cecc-InterChr,6512,2.0,2,2,6512,100.0,1,Chr1,6631517,6635171,+
CeccDNA_000074.1_9|rep0|6512|2|circular,CeccDNA_000074.1_9,Cecc,Cecc-InterChr,6512,2.0,2,2,6512,100.0,2,Chr5,10226973,10229831,+
CeccDNA_000078.1_1|rep0|7393|4|circular,CeccDNA_000078.1_1,Cecc,Cecc-InterChr,7393,4.0,3,3,7390,99.96,1,Chr5,3913853,3914147,+
CeccDNA_000078.1_1|rep0|7393|4|circular,CeccDNA_000078.1_1,Cecc,Cecc-InterChr,7393,4.0,3,3,7390,99.96,2,Chr3,2115271,2117675,+
CeccDNA_000078.1_1|rep0|7393|4|circular,CeccDNA_000078.1_1,Cecc,Cecc-InterChr,7393,4.0,3,3,7390,99.96,3,ChrC,1743,6435,+
CeccDNA_000078.1_8|rep0|7397|2|circular,CeccDNA_000078.1_8,Cecc,Cecc-InterChr,7397,2.0,3,3,7390,99.91,1,Chr3,2115271,2117675,-
CeccDNA_000078.1_8|rep0|7397|2|circular,CeccDNA_000078.1_8,Cecc,Cecc-InterChr,7397,2.0,3,3,7390,99.91,2,Chr5,3913853,3914147,-
CeccDNA_000078.1_8|rep0|7397|2|circular,CeccDNA_000078.1_8,Cecc,Cecc-InterChr,7397,2.0,3,3,7390,99.91,3,ChrC,1743,6435,-
CeccDNA_000075.1_1|rep0|6487|3|circular,CeccDNA_000075.1_1,Cecc,Cecc-InterChr,6487,3.0,2,2,6486,99.98,1,Chr2,6252982,6257854,+
CeccDNA_000075.1_1|rep0|6487|3|circular,CeccDNA_000075.1_1,Cecc,Cecc-InterChr,6487,3.0,2,2,6486,99.98,2,Chr5,11664880,11666494,+
CeccDNA_000078.1_3|rep0|7396|2|circular,CeccDNA_000078.1_3,Cecc,Cecc-InterChr,7396,2.0,3,3,7390,99.92,1,ChrC,1743,6435,+
CeccDNA_000078.1_3|rep0|7396|2|circular,CeccDNA_000078.1_3,Cecc,Cecc-InterChr,7396,2.0,3,3,7390,99.92,2,Chr5,3913853,3914147,+
CeccDNA_000078.1_3|rep0|7396|2|circular,CeccDNA_000078.1_3,Cecc,Cecc-InterChr,7396,2.0,3,3,7390,99.92,3,Chr3,2115271,2117675,+
CeccDNA_000023.1_25|rep0|7776|2|circular,CeccDNA_000023.1_25,Cecc,Cecc-InterChr,7776,2.0,2,2,7756,99.74,1,Chr5,23671057,23674143,+
CeccDNA_000023.1_25|rep0|7776|2|circular,CeccDNA_000023.1_25,Cecc,Cecc-InterChr,7776,2.0,2,2,7756,99.74,2,ChrC,1766,6436,+
CeccDNA_000023.1_13|rep0|7781|3|circular,CeccDNA_000023.1_13,Cecc,Cecc-InterChr,7781,3.0,2,2,7756,99.68,1,Chr5,23671057,23674143,+
CeccDNA_000023.1_13|rep0|7781|3|circular,CeccDNA_000023.1_13,Cecc,Cecc-InterChr,7781,3.0,2,2,7756,99.68,2,ChrC,1766,6436,+
CeccDNA_000075.1_4|rep0|6486|2|circular,CeccDNA_000075.1_4,Cecc,Cecc-InterChr,6486,2.0,2,2,6486,100.0,1,Chr5,11664880,11666494,-
CeccDNA_000075.1_4|rep0|6486|2|circular,CeccDNA_000075.1_4,Cecc,Cecc-InterChr,6486,2.0,2,2,6486,100.0,2,Chr2,6252982,6257854,-
CeccDNA_000023.1_15|rep0|7778|2|circular,CeccDNA_000023.1_15,Cecc,Cecc-InterChr,7778,2.0,2,2,7756,99.72,1,ChrC,1766,6436,+
CeccDNA_000023.1_15|rep0|7778|2|circular,CeccDNA_000023.1_15,Cecc,Cecc-InterChr,7778,2.0,2,2,7756,99.72,2,Chr5,23671057,23674143,+
CeccDNA_000079.1_7|rep0|7130|3|circular,CeccDNA_000079.1_7,Cecc,Cecc-InterChr,7130,3.0,2,2,7124,99.92,1,Chr3,2188633,2193200,+
CeccDNA_000079.1_7|rep0|7130|3|circular,CeccDNA_000079.1_7,Cecc,Cecc-InterChr,7130,3.0,2,2,7124,99.92,2,Chr2,15537406,15539963,+
CeccDNA_000076.1_6|rep0|3760|3|circular,CeccDNA_000076.1_6,Cecc,Cecc-InterChr,3760,3.0,2,2,3760,100.0,1,Chr5,27549564,27551498,-
CeccDNA_000076.1_6|rep0|3760|3|circular,CeccDNA_000076.1_6,Cecc,Cecc-InterChr,3760,3.0,2,2,3760,100.0,2,Chr2,2173061,2174887,-
CeccDNA_000077.1_1|rep0|5471|2|circular,CeccDNA_000077.1_1,Cecc,Cecc-InterChr,5471,2.0,2,2,5472,100.02,1,Chr3,20464902,20468163,+
CeccDNA_000077.1_1|rep0|5471|2|circular,CeccDNA_000077.1_1,Cecc,Cecc-InterChr,5471,2.0,2,2,5472,100.02,2,Chr2,14948600,14950811,+
CeccDNA_000077.1_10|rep0|5471|2|circular,CeccDNA_000077.1_10,Cecc,Cecc-InterChr,5471,2.0,2,2,5472,100.02,1,Chr2,14948600,14950811,-
CeccDNA_000077.1_10|rep0|5471|2|circular,CeccDNA_000077.1_10,Cecc,Cecc-InterChr,5471,2.0,2,2,5472,100.02,2,Chr3,20464902,20468163,-
CeccDNA_000077.1_12|rep0|5472|2|circular,CeccDNA_000077.1_12,Cecc,Cecc-InterChr,5472,2.0,2,2,5472,100.0,1,Chr3,20464902,20468163,-
CeccDNA_000077.1_12|rep0|5472|2|circular,CeccDNA_000077.1_12,Cecc,Cecc-InterChr,5472,2.0,2,2,5472,100.0,2,Chr2,14948600,14950811,-
CeccDNA_000028.1_7|rep0|9428|2|circular,CeccDNA_000028.1_7,Cecc,Cecc-InterChr,9428,2.0,2,2,9415,99.86,1,ChrC,1742,6435,+
CeccDNA_000028.1_7|rep0|9428|2|circular,CeccDNA_000028.1_7,Cecc,Cecc-InterChr,9428,2.0,2,2,9415,99.86,2,Chr3,2411063,2415785,+
CeccDNA_000027.1_2|rep0|6073|2|circular,CeccDNA_000027.1_2,Cecc,Cecc-InterChr,6073,2.0,2,2,6072,99.98,1,Chr1,8511448,8514757,-
CeccDNA_000027.1_2|rep0|6073|2|circular,CeccDNA_000027.1_2,Cecc,Cecc-InterChr,6073,2.0,2,2,6072,99.98,2,Chr2,11156850,11159613,-
CeccDNA_000077.1_20|rep0|5472|2|circular,CeccDNA_000077.1_20,Cecc,Cecc-InterChr,5472,2.0,2,2,5472,100.0,1,Chr2,14948600,14950811,-
CeccDNA_000077.1_20|rep0|5472|2|circular,CeccDNA_000077.1_20,Cecc,Cecc-InterChr,5472,2.0,2,2,5472,100.0,2,Chr3,20464902,20468163,-
CeccDNA_000027.1_7|rep0|6073|2|circular,CeccDNA_000027.1_7,Cecc,Cecc-InterChr,6073,2.0,2,2,6072,99.98,1,Chr2,11156850,11159613,+
CeccDNA_000027.1_7|rep0|6073|2|circular,CeccDNA_000027.1_7,Cecc,Cecc-InterChr,6073,2.0,2,2,6072,99.98,2,Chr1,8511448,8514757,+
CeccDNA_000027.1_4|rep0|6075|2|circular,CeccDNA_000027.1_4,Cecc,Cecc-InterChr,6075,2.0,2,2,6072,99.95,1,Chr2,11156850,11159613,-
CeccDNA_000027.1_4|rep0|6075|2|circular,CeccDNA_000027.1_4,Cecc,Cecc-InterChr,6075,2.0,2,2,6072,99.95,2,Chr1,8511448,8514757,-
CeccDNA_000027.1_12|rep0|6072|2|circular,CeccDNA_000027.1_12,Cecc,Cecc-InterChr,6072,2.0,2,2,6072,100.0,1,Chr1,8511448,8514757,-
CeccDNA_000027.1_12|rep0|6072|2|circular,CeccDNA_000027.1_12,Cecc,Cecc-InterChr,6072,2.0,2,2,6072,100.0,2,Chr2,11156850,11159613,-
CeccDNA_000027.1_11|rep0|6072|3|circular,CeccDNA_000027.1_11,Cecc,Cecc-InterChr,6072,3.0,2,2,6072,100.0,1,Chr2,11156850,11159613,+
CeccDNA_000027.1_11|rep0|6072|3|circular,CeccDNA_000027.1_11,Cecc,Cecc-InterChr,6072,3.0,2,2,6072,100.0,2,Chr1,8511448,8514757,+
CeccDNA_000027.1_13|rep0|6076|2|circular,CeccDNA_000027.1_13,Cecc,Cecc-InterChr,6076,2.0,2,2,6072,99.93,1,Chr2,11156850,11159613,+
CeccDNA_000027.1_13|rep0|6076|2|circular,CeccDNA_000027.1_13,Cecc,Cecc-InterChr,6076,2.0,2,2,6072,99.93,2,Chr1,8511448,8514757,+
CeccDNA_000027.1_15|rep0|6073|3|circular,CeccDNA_000027.1_15,Cecc,Cecc-InterChr,6073,3.0,2,2,6072,99.98,1,Chr2,11156850,11159613,+
CeccDNA_000027.1_15|rep0|6073|3|circular,CeccDNA_000027.1_15,Cecc,Cecc-InterChr,6073,3.0,2,2,6072,99.98,2,Chr1,8511448,8514757,+
CeccDNA_000025.1_2|rep0|4879|3|circular,CeccDNA_000025.1_2,Cecc,Cecc-InterChr,4879,3.0,2,2,4880,100.02,1,Chr2,13416146,13419045,-
CeccDNA_000025.1_2|rep0|4879|3|circular,CeccDNA_000025.1_2,Cecc,Cecc-InterChr,4879,3.0,2,2,4880,100.02,2,Chr5,21711885,21713866,-
CeccDNA_000025.1_5|rep0|4879|4|circular,CeccDNA_000025.1_5,Cecc,Cecc-InterChr,4879,4.0,2,2,4880,100.02,1,Chr2,13416146,13419045,+
CeccDNA_000025.1_5|rep0|4879|4|circular,CeccDNA_000025.1_5,Cecc,Cecc-InterChr,4879,4.0,2,2,4880,100.02,2,Chr5,21711885,21713866,+
CeccDNA_000025.1_8|rep0|4879|2|circular,CeccDNA_000025.1_8,Cecc,Cecc-InterChr,4879,2.0,2,2,4880,100.02,1,Chr2,13416146,13419045,-
CeccDNA_000025.1_8|rep0|4879|2|circular,CeccDNA_000025.1_8,Cecc,Cecc-InterChr,4879,2.0,2,2,4880,100.02,2,Chr5,21711885,21713866,-
CeccDNA_000080.1_1|rep0|4092|5|circular,CeccDNA_000080.1_1,Cecc,Cecc-InterChr,4092,5.0,2,2,4091,99.98,1,Chr5,10873407,10874269,+
CeccDNA_000080.1_1|rep0|4092|5|circular,CeccDNA_000080.1_1,Cecc,Cecc-InterChr,4092,5.0,2,2,4091,99.98,2,Chr4,8578709,8581938,+
CeccDNA_000025.1_4|rep0|4880|3|circular,CeccDNA_000025.1_4,Cecc,Cecc-InterChr,4880,3.0,2,2,4880,100.0,1,Chr2,13416146,13419045,-
CeccDNA_000025.1_4|rep0|4880|3|circular,CeccDNA_000025.1_4,Cecc,Cecc-InterChr,4880,3.0,2,2,4880,100.0,2,Chr5,21711885,21713866,-
CeccDNA_000080.1_4|rep0|4091|2|circular,CeccDNA_000080.1_4,Cecc,Cecc-InterChr,4091,2.0,2,2,4091,100.0,1,Chr4,8578709,8581938,-
CeccDNA_000080.1_4|rep0|4091|2|circular,CeccDNA_000080.1_4,Cecc,Cecc-InterChr,4091,2.0,2,2,4091,100.0,2,Chr5,10873407,10874269,-
CeccDNA_000080.1_2|rep0|4092|4|circular,CeccDNA_000080.1_2,Cecc,Cecc-InterChr,4092,4.0,2,2,4091,99.98,1,Chr4,8578709,8581938,-
CeccDNA_000080.1_2|rep0|4092|4|circular,CeccDNA_000080.1_2,Cecc,Cecc-InterChr,4092,4.0,2,2,4091,99.98,2,Chr5,10873407,10874269,-
CeccDNA_000080.1_7|rep0|4092|2|circular,CeccDNA_000080.1_7,Cecc,Cecc-InterChr,4092,2.0,2,2,4091,99.98,1,Chr4,8578709,8581938,+
CeccDNA_000080.1_7|rep0|4092|2|circular,CeccDNA_000080.1_7,Cecc,Cecc-InterChr,4092,2.0,2,2,4091,99.98,2,Chr5,10873407,10874269,+
CeccDNA_000025.1_9|rep0|4879|3|circular,CeccDNA_000025.1_9,Cecc,Cecc-InterChr,4879,3.0,2,2,4880,100.02,1,Chr2,13416146,13419045,+
CeccDNA_000025.1_9|rep0|4879|3|circular,CeccDNA_000025.1_9,Cecc,Cecc-InterChr,4879,3.0,2,2,4880,100.02,2,Chr5,21711885,21713866,+
CeccDNA_000026.1_1|rep0|3802|4|circular,CeccDNA_000026.1_1,Cecc,Cecc-InterChr,3802,4.0,2,2,3802,100.0,1,Chr2,19918377,19919331,+
CeccDNA_000026.1_1|rep0|3802|4|circular,CeccDNA_000026.1_1,Cecc,Cecc-InterChr,3802,4.0,2,2,3802,100.0,2,Chr4,19394897,19397745,+
CeccDNA_000083.1_2|rep0|5910|2|circular,CeccDNA_000083.1_2,Cecc,Cecc-InterChr,5910,2.0,2,2,5909,99.98,1,Chr4,13005394,13006611,-
CeccDNA_000083.1_2|rep0|5910|2|circular,CeccDNA_000083.1_2,Cecc,Cecc-InterChr,5910,2.0,2,2,5909,99.98,2,ChrC,1743,6435,-
CeccDNA_000026.1_2|rep0|3802|4|circular,CeccDNA_000026.1_2,Cecc,Cecc-InterChr,3802,4.0,2,2,3802,100.0,1,Chr2,19918377,19919331,-
CeccDNA_000026.1_2|rep0|3802|4|circular,CeccDNA_000026.1_2,Cecc,Cecc-InterChr,3802,4.0,2,2,3802,100.0,2,Chr4,19394897,19397745,-
CeccDNA_000083.1_1|rep0|5909|2|circular,CeccDNA_000083.1_1,Cecc,Cecc-InterChr,5909,2.0,2,2,5909,100.0,1,ChrC,1743,6435,+
CeccDNA_000083.1_1|rep0|5909|2|circular,CeccDNA_000083.1_1,Cecc,Cecc-InterChr,5909,2.0,2,2,5909,100.0,2,Chr4,13005394,13006611,+
CeccDNA_000026.1_7|rep0|3802|3|circular,CeccDNA_000026.1_7,Cecc,Cecc-InterChr,3802,3.0,2,2,3802,100.0,1,Chr2,19918377,19919331,+
CeccDNA_000026.1_7|rep0|3802|3|circular,CeccDNA_000026.1_7,Cecc,Cecc-InterChr,3802,3.0,2,2,3802,100.0,2,Chr4,19394897,19397745,+
CeccDNA_000029.1_1|rep0|2422|4|circular,CeccDNA_000029.1_1,Cecc,Cecc-InterChr,2422,4.0,2,2,2422,100.0,1,Chr2,16787115,16787547,+
CeccDNA_000029.1_1|rep0|2422|4|circular,CeccDNA_000029.1_1,Cecc,Cecc-InterChr,2422,4.0,2,2,2422,100.0,2,Chr5,8454452,8456442,+
CeccDNA_000082.1_4|rep0|2806|3|circular,CeccDNA_000082.1_4,Cecc,Cecc-InterChr,2806,3.0,2,2,2793,99.54,1,Chr2,212802,214625,-
CeccDNA_000082.1_4|rep0|2806|3|circular,CeccDNA_000082.1_4,Cecc,Cecc-InterChr,2806,3.0,2,2,2793,99.54,2,Chr4,1589014,1589984,-
CeccDNA_000082.1_2|rep0|2806|5|circular,CeccDNA_000082.1_2,Cecc,Cecc-InterChr,2806,5.0,2,2,2793,99.54,1,Chr4,1589014,1589984,-
CeccDNA_000082.1_2|rep0|2806|5|circular,CeccDNA_000082.1_2,Cecc,Cecc-InterChr,2806,5.0,2,2,2793,99.54,2,Chr2,212802,214625,-
CeccDNA_000026.1_9|rep0|3808|4|circular,CeccDNA_000026.1_9,Cecc,Cecc-InterChr,3808,4.0,2,2,3802,99.84,1,Chr4,19394897,19397745,+
CeccDNA_000026.1_9|rep0|3808|4|circular,CeccDNA_000026.1_9,Cecc,Cecc-InterChr,3808,4.0,2,2,3802,99.84,2,Chr2,19918377,19919331,+
CeccDNA_000082.1_3|rep0|2808|3|circular,CeccDNA_000082.1_3,Cecc,Cecc-InterChr,2808,3.0,2,2,2793,99.47,1,Chr4,1589014,1589984,+
CeccDNA_000082.1_3|rep0|2808|3|circular,CeccDNA_000082.1_3,Cecc,Cecc-InterChr,2808,3.0,2,2,2793,99.47,2,Chr2,212802,214625,+
CeccDNA_000082.1_10|rep0|2806|4|circular,CeccDNA_000082.1_10,Cecc,Cecc-InterChr,2806,4.0,2,2,2793,99.54,1,Chr4,1589014,1589984,-
CeccDNA_000082.1_10|rep0|2806|4|circular,CeccDNA_000082.1_10,Cecc,Cecc-InterChr,2806,4.0,2,2,2793,99.54,2,Chr2,212802,214625,-
CeccDNA_000082.1_5|rep0|2806|7|circular,CeccDNA_000082.1_5,Cecc,Cecc-InterChr,2806,7.0,2,2,2793,99.54,1,Chr4,1589014,1589984,+
CeccDNA_000082.1_5|rep0|2806|7|circular,CeccDNA_000082.1_5,Cecc,Cecc-InterChr,2806,7.0,2,2,2793,99.54,2,Chr2,212802,214625,+
CeccDNA_000082.1_9|rep0|2806|4|circular,CeccDNA_000082.1_9,Cecc,Cecc-InterChr,2806,4.0,2,2,2793,99.54,1,Chr2,212802,214625,+
CeccDNA_000082.1_9|rep0|2806|4|circular,CeccDNA_000082.1_9,Cecc,Cecc-InterChr,2806,4.0,2,2,2793,99.54,2,Chr4,1589014,1589984,+
CeccDNA_000082.1_11|rep0|2806|4|circular,CeccDNA_000082.1_11,Cecc,Cecc-InterChr,2806,4.0,2,2,2793,99.54,1,Chr2,212802,214625,+
CeccDNA_000082.1_11|rep0|2806|4|circular,CeccDNA_000082.1_11,Cecc,Cecc-InterChr,2806,4.0,2,2,2793,99.54,2,Chr4,1589014,1589984,+
CeccDNA_000031.1_1|rep0|3896|2|circular,CeccDNA_000031.1_1,Cecc,Cecc-InterChr,3896,2.0,2,2,3897,100.03,1,Chr3,19340697,19341548,+
CeccDNA_000031.1_1|rep0|3896|2|circular,CeccDNA_000031.1_1,Cecc,Cecc-InterChr,3896,2.0,2,2,3897,100.03,2,Chr4,17904673,17907719,+
CeccDNA_000031.1_3|rep0|3896|4|circular,CeccDNA_000031.1_3,Cecc,Cecc-InterChr,3896,4.0,2,2,3897,100.03,1,Chr3,19340697,19341548,+
CeccDNA_000031.1_3|rep0|3896|4|circular,CeccDNA_000031.1_3,Cecc,Cecc-InterChr,3896,4.0,2,2,3897,100.03,2,Chr4,17904673,17907719,+
CeccDNA_000031.1_4|rep0|3895|3|circular,CeccDNA_000031.1_4,Cecc,Cecc-InterChr,3895,3.0,2,2,3897,100.05,1,Chr3,19340697,19341548,-
CeccDNA_000031.1_4|rep0|3895|3|circular,CeccDNA_000031.1_4,Cecc,Cecc-InterChr,3895,3.0,2,2,3897,100.05,2,Chr4,17904673,17907719,-
CeccDNA_000031.1_2|rep0|3896|5|circular,CeccDNA_000031.1_2,Cecc,Cecc-InterChr,3896,5.0,2,2,3897,100.03,1,Chr3,19340697,19341548,-
CeccDNA_000031.1_2|rep0|3896|5|circular,CeccDNA_000031.1_2,Cecc,Cecc-InterChr,3896,5.0,2,2,3897,100.03,2,Chr4,17904673,17907719,-
CeccDNA_000001.1_2|rep0|3529|4|circular,CeccDNA_000001.1_2,Cecc,Cecc-InterChr,3529,4.0,2,2,3528,99.97,1,Chr2,6672437,6672677,-
CeccDNA_000001.1_2|rep0|3529|4|circular,CeccDNA_000001.1_2,Cecc,Cecc-InterChr,3529,4.0,2,2,3528,99.97,2,Chr1,4836134,4839422,-
CeccDNA_000001.1_1|rep0|3528|3|circular,CeccDNA_000001.1_1,Cecc,Cecc-InterChr,3528,3.0,2,2,3528,100.0,1,Chr1,4836134,4839422,+
CeccDNA_000001.1_1|rep0|3528|3|circular,CeccDNA_000001.1_1,Cecc,Cecc-InterChr,3528,3.0,2,2,3528,100.0,2,Chr2,6672437,6672677,+
CeccDNA_000001.1_3|rep0|3529|3|circular,CeccDNA_000001.1_3,Cecc,Cecc-InterChr,3529,3.0,2,2,3528,99.97,1,Chr1,4836134,4839422,+
CeccDNA_000001.1_3|rep0|3529|3|circular,CeccDNA_000001.1_3,Cecc,Cecc-InterChr,3529,3.0,2,2,3528,99.97,2,Chr2,6672437,6672677,+
CeccDNA_000031.1_7|rep0|3896|3|circular,CeccDNA_000031.1_7,Cecc,Cecc-InterChr,3896,3.0,2,2,3897,100.03,1,Chr4,17904673,17907719,+
CeccDNA_000031.1_7|rep0|3896|3|circular,CeccDNA_000031.1_7,Cecc,Cecc-InterChr,3896,3.0,2,2,3897,100.03,2,Chr3,19340697,19341548,+
CeccDNA_000081.1_7|rep0|9373|2|circular,CeccDNA_000081.1_7,Cecc,Cecc-InterChr,9373,2.0,3,3,9367,99.94,1,Chr1,22096044,22097482,+
CeccDNA_000081.1_7|rep0|9373|2|circular,CeccDNA_000081.1_7,Cecc,Cecc-InterChr,9373,2.0,3,3,9367,99.94,2,ChrC,1743,6435,+
CeccDNA_000081.1_7|rep0|9373|2|circular,CeccDNA_000081.1_7,Cecc,Cecc-InterChr,9373,2.0,3,3,9367,99.94,3,Chr3,8474904,8478141,+
CeccDNA_000001.1_6|rep0|3529|3|circular,CeccDNA_000001.1_6,Cecc,Cecc-InterChr,3529,3.0,2,2,3528,99.97,1,Chr2,6672437,6672677,-
CeccDNA_000001.1_6|rep0|3529|3|circular,CeccDNA_000001.1_6,Cecc,Cecc-InterChr,3529,3.0,2,2,3528,99.97,2,Chr1,4836134,4839422,-
CeccDNA_000001.1_8|rep0|3529|3|circular,CeccDNA_000001.1_8,Cecc,Cecc-InterChr,3529,3.0,2,2,3528,99.97,1,Chr2,6672437,6672677,-
CeccDNA_000001.1_8|rep0|3529|3|circular,CeccDNA_000001.1_8,Cecc,Cecc-InterChr,3529,3.0,2,2,3528,99.97,2,Chr1,4836134,4839422,-
CeccDNA_000032.1_1|rep0|2885|5|circular,CeccDNA_000032.1_1,Cecc,Cecc-InterChr,2885,5.0,2,2,2884,99.97,1,Chr4,10189827,10191827,+
CeccDNA_000032.1_1|rep0|2885|5|circular,CeccDNA_000032.1_1,Cecc,Cecc-InterChr,2885,5.0,2,2,2884,99.97,2,Chr5,4229283,4230167,+
CeccDNA_000086.1_1|rep0|4589|3|circular,CeccDNA_000086.1_1,Cecc,Cecc-InterChr,4589,3.0,2,2,4587,99.96,1,Chr5,16374993,16376429,+
CeccDNA_000086.1_1|rep0|4589|3|circular,CeccDNA_000086.1_1,Cecc,Cecc-InterChr,4589,3.0,2,2,4587,99.96,2,Chr4,17364130,17367281,+
CeccDNA_000086.1_6|rep0|4588|2|circular,CeccDNA_000086.1_6,Cecc,Cecc-InterChr,4588,2.0,2,2,4587,99.98,1,Chr4,17364130,17367281,-
CeccDNA_000086.1_6|rep0|4588|2|circular,CeccDNA_000086.1_6,Cecc,Cecc-InterChr,4588,2.0,2,2,4587,99.98,2,Chr5,16374993,16376429,-
CeccDNA_000086.1_4|rep0|4587|6|circular,CeccDNA_000086.1_4,Cecc,Cecc-InterChr,4587,6.0,2,2,4587,100.0,1,Chr4,17364130,17367281,-
CeccDNA_000086.1_4|rep0|4587|6|circular,CeccDNA_000086.1_4,Cecc,Cecc-InterChr,4587,6.0,2,2,4587,100.0,2,Chr5,16374993,16376429,-
CeccDNA_000086.1_9|rep0|4587|2|circular,CeccDNA_000086.1_9,Cecc,Cecc-InterChr,4587,2.0,2,2,4587,100.0,1,Chr4,17364130,17367281,+
CeccDNA_000086.1_9|rep0|4587|2|circular,CeccDNA_000086.1_9,Cecc,Cecc-InterChr,4587,2.0,2,2,4587,100.0,2,Chr5,16374993,16376429,+
CeccDNA_000086.1_8|rep0|4587|3|circular,CeccDNA_000086.1_8,Cecc,Cecc-InterChr,4587,3.0,2,2,4587,100.0,1,Chr5,16374993,16376429,-
CeccDNA_000086.1_8|rep0|4587|3|circular,CeccDNA_000086.1_8,Cecc,Cecc-InterChr,4587,3.0,2,2,4587,100.0,2,Chr4,17364130,17367281,-
CeccDNA_000086.1_12|rep0|4585|2|circular,CeccDNA_000086.1_12,Cecc,Cecc-InterChr,4585,2.0,2,2,4587,100.04,1,Chr4,17364130,17367281,-
CeccDNA_000086.1_12|rep0|4585|2|circular,CeccDNA_000086.1_12,Cecc,Cecc-InterChr,4585,2.0,2,2,4587,100.04,2,Chr5,16374993,16376429,-
CeccDNA_000030.1_1|rep0|4846|2|circular,CeccDNA_000030.1_1,Cecc,Cecc-InterChr,4846,2.0,2,2,4847,100.02,1,Chr2,11517464,11519265,+
CeccDNA_000030.1_1|rep0|4846|2|circular,CeccDNA_000030.1_1,Cecc,Cecc-InterChr,4846,2.0,2,2,4847,100.02,2,Chr4,17904673,17907719,+
CeccDNA_000030.1_5|rep0|4847|4|circular,CeccDNA_000030.1_5,Cecc,Cecc-InterChr,4847,4.0,2,2,4847,100.0,1,Chr2,11517464,11519265,+
CeccDNA_000030.1_5|rep0|4847|4|circular,CeccDNA_000030.1_5,Cecc,Cecc-InterChr,4847,4.0,2,2,4847,100.0,2,Chr4,17904673,17907719,+
CeccDNA_000030.1_7|rep0|4848|2|circular,CeccDNA_000030.1_7,Cecc,Cecc-InterChr,4848,2.0,2,2,4847,99.98,1,Chr2,11517464,11519265,+
CeccDNA_000030.1_7|rep0|4848|2|circular,CeccDNA_000030.1_7,Cecc,Cecc-InterChr,4848,2.0,2,2,4847,99.98,2,Chr4,17904673,17907719,+
CeccDNA_000030.1_9|rep0|4847|3|circular,CeccDNA_000030.1_9,Cecc,Cecc-InterChr,4847,3.0,2,2,4847,100.0,1,Chr4,17904673,17907719,+
CeccDNA_000030.1_9|rep0|4847|3|circular,CeccDNA_000030.1_9,Cecc,Cecc-InterChr,4847,3.0,2,2,4847,100.0,2,Chr2,11517464,11519265,+
CeccDNA_000030.1_8|rep0|4847|2|circular,CeccDNA_000030.1_8,Cecc,Cecc-InterChr,4847,2.0,2,2,4847,100.0,1,Chr4,17904673,17907719,-
CeccDNA_000030.1_8|rep0|4847|2|circular,CeccDNA_000030.1_8,Cecc,Cecc-InterChr,4847,2.0,2,2,4847,100.0,2,Chr2,11517464,11519265,-
CeccDNA_000030.1_10|rep0|4848|4|circular,CeccDNA_000030.1_10,Cecc,Cecc-InterChr,4848,4.0,2,2,4847,99.98,1,Chr2,11517464,11519265,-
CeccDNA_000030.1_10|rep0|4848|4|circular,CeccDNA_000030.1_10,Cecc,Cecc-InterChr,4848,4.0,2,2,4847,99.98,2,Chr4,17904673,17907719,-
CeccDNA_000030.1_15|rep0|4846|2|circular,CeccDNA_000030.1_15,Cecc,Cecc-InterChr,4846,2.0,2,2,4847,100.02,1,Chr2,11517464,11519265,+
CeccDNA_000030.1_15|rep0|4846|2|circular,CeccDNA_000030.1_15,Cecc,Cecc-InterChr,4846,2.0,2,2,4847,100.02,2,Chr4,17904673,17907719,+
CeccDNA_000030.1_14|rep0|4848|3|circular,CeccDNA_000030.1_14,Cecc,Cecc-InterChr,4848,3.0,2,2,4847,99.98,1,Chr4,17904673,17907719,-
CeccDNA_000030.1_14|rep0|4848|3|circular,CeccDNA_000030.1_14,Cecc,Cecc-InterChr,4848,3.0,2,2,4847,99.98,2,Chr2,11517464,11519265,-
CeccDNA_000087.1_7|rep0|3999|4|circular,CeccDNA_000087.1_7,Cecc,Cecc-InterChr,3999,4.0,2,2,4000,100.03,1,Chr2,21328707,21329999,+
CeccDNA_000087.1_7|rep0|3999|4|circular,CeccDNA_000087.1_7,Cecc,Cecc-InterChr,3999,4.0,2,2,4000,100.03,2,Chr5,10043774,10046482,+
CeccDNA_000034.1_2|rep0|4099|2|circular,CeccDNA_000034.1_2,Cecc,Cecc-InterChr,4099,2.0,2,2,4092,99.83,1,Chr5,20940228,20942324,-
CeccDNA_000034.1_2|rep0|4099|2|circular,CeccDNA_000034.1_2,Cecc,Cecc-InterChr,4099,2.0,2,2,4092,99.83,2,Chr1,21441965,21443961,-
CeccDNA_000036.1_2|rep0|5259|2|circular,CeccDNA_000036.1_2,Cecc,Cecc-InterChr,5259,2.0,2,2,5258,99.98,1,ChrC,1743,6435,-
CeccDNA_000036.1_2|rep0|5259|2|circular,CeccDNA_000036.1_2,Cecc,Cecc-InterChr,5259,2.0,2,2,5258,99.98,2,Chr3,1067344,1067910,-
CeccDNA_000036.1_6|rep0|5259|4|circular,CeccDNA_000036.1_6,Cecc,Cecc-InterChr,5259,4.0,2,2,5258,99.98,1,Chr3,1067344,1067910,-
CeccDNA_000036.1_6|rep0|5259|4|circular,CeccDNA_000036.1_6,Cecc,Cecc-InterChr,5259,4.0,2,2,5258,99.98,2,ChrC,1743,6435,-
CeccDNA_000084.1_6|rep0|4556|3|circular,CeccDNA_000084.1_6,Cecc,Cecc-InterChr,4556,3.0,2,2,4557,100.02,1,Chr4,15110541,15111812,-
CeccDNA_000084.1_6|rep0|4556|3|circular,CeccDNA_000084.1_6,Cecc,Cecc-InterChr,4556,3.0,2,2,4557,100.02,2,Chr5,11441142,11444428,-
CeccDNA_000036.1_7|rep0|5260|2|circular,CeccDNA_000036.1_7,Cecc,Cecc-InterChr,5260,2.0,2,2,5258,99.96,1,ChrC,1743,6435,+
CeccDNA_000036.1_7|rep0|5260|2|circular,CeccDNA_000036.1_7,Cecc,Cecc-InterChr,5260,2.0,2,2,5258,99.96,2,Chr3,1067344,1067910,+
CeccDNA_000084.1_4|rep0|4557|2|circular,CeccDNA_000084.1_4,Cecc,Cecc-InterChr,4557,2.0,2,2,4557,100.0,1,Chr4,15110541,15111812,-
CeccDNA_000084.1_4|rep0|4557|2|circular,CeccDNA_000084.1_4,Cecc,Cecc-InterChr,4557,2.0,2,2,4557,100.0,2,Chr5,11441142,11444428,-
CeccDNA_000089.1_5|rep0|3413|5|circular,CeccDNA_000089.1_5,Cecc,Cecc-InterChr,3413,5.0,2,2,3413,100.0,1,Chr5,4966692,4968804,+
CeccDNA_000089.1_5|rep0|3413|5|circular,CeccDNA_000089.1_5,Cecc,Cecc-InterChr,3413,5.0,2,2,3413,100.0,2,Chr2,12360317,12361618,+
CeccDNA_000036.1_8|rep0|5261|3|circular,CeccDNA_000036.1_8,Cecc,Cecc-InterChr,5261,3.0,2,2,5258,99.94,1,Chr3,1067344,1067910,-
CeccDNA_000036.1_8|rep0|5261|3|circular,CeccDNA_000036.1_8,Cecc,Cecc-InterChr,5261,3.0,2,2,5258,99.94,2,ChrC,1743,6435,-
CeccDNA_000037.1_5|rep0|8084|2|circular,CeccDNA_000037.1_5,Cecc,Cecc-InterChr,8084,2.0,2,2,8084,100.0,1,Chr1,2169352,2173599,+
CeccDNA_000037.1_5|rep0|8084|2|circular,CeccDNA_000037.1_5,Cecc,Cecc-InterChr,8084,2.0,2,2,8084,100.0,2,Chr2,10672463,10676300,+
CeccDNA_000094.1_1|rep0|5336|4|circular,CeccDNA_000094.1_1,Cecc,Cecc-InterChr,5336,4.0,2,2,5335,99.98,1,Chr2,8959423,8960067,+
CeccDNA_000094.1_1|rep0|5336|4|circular,CeccDNA_000094.1_1,Cecc,Cecc-InterChr,5336,4.0,2,2,5335,99.98,2,ChrC,1743,6434,+
CeccDNA_000094.1_3|rep0|5339|2|circular,CeccDNA_000094.1_3,Cecc,Cecc-InterChr,5339,2.0,2,2,5335,99.93,1,ChrC,1743,6434,+
CeccDNA_000094.1_3|rep0|5339|2|circular,CeccDNA_000094.1_3,Cecc,Cecc-InterChr,5339,2.0,2,2,5335,99.93,2,Chr2,8959423,8960067,+
CeccDNA_000094.1_7|rep0|5338|2|circular,CeccDNA_000094.1_7,Cecc,Cecc-InterChr,5338,2.0,2,2,5335,99.94,1,Chr2,8959423,8960067,+
CeccDNA_000094.1_7|rep0|5338|2|circular,CeccDNA_000094.1_7,Cecc,Cecc-InterChr,5338,2.0,2,2,5335,99.94,2,ChrC,1743,6434,+
CeccDNA_000041.1_3|rep0|4478|3|circular,CeccDNA_000041.1_3,Cecc,Cecc-InterChr,4478,3.0,2,2,4481,100.07,1,Chr1,4700291,4703960,+
CeccDNA_000041.1_3|rep0|4478|3|circular,CeccDNA_000041.1_3,Cecc,Cecc-InterChr,4478,3.0,2,2,4481,100.07,2,Chr4,18792391,18793203,+
CeccDNA_000094.1_8|rep0|5335|3|circular,CeccDNA_000094.1_8,Cecc,Cecc-InterChr,5335,3.0,2,2,5335,100.0,1,Chr2,8959423,8960067,-
CeccDNA_000094.1_8|rep0|5335|3|circular,CeccDNA_000094.1_8,Cecc,Cecc-InterChr,5335,3.0,2,2,5335,100.0,2,ChrC,1743,6434,-
CeccDNA_000041.1_2|rep0|4479|4|circular,CeccDNA_000041.1_2,Cecc,Cecc-InterChr,4479,4.0,2,2,4481,100.04,1,Chr1,4700291,4703960,-
CeccDNA_000041.1_2|rep0|4479|4|circular,CeccDNA_000041.1_2,Cecc,Cecc-InterChr,4479,4.0,2,2,4481,100.04,2,Chr4,18792391,18793203,-
CeccDNA_000041.1_4|rep0|4479|2|circular,CeccDNA_000041.1_4,Cecc,Cecc-InterChr,4479,2.0,2,2,4481,100.04,1,Chr1,4700291,4703960,-
CeccDNA_000041.1_4|rep0|4479|2|circular,CeccDNA_000041.1_4,Cecc,Cecc-InterChr,4479,2.0,2,2,4481,100.04,2,Chr4,18792391,18793203,-
CeccDNA_000041.1_5|rep0|4479|3|circular,CeccDNA_000041.1_5,Cecc,Cecc-InterChr,4479,3.0,2,2,4481,100.04,1,Chr1,4700291,4703960,+
CeccDNA_000041.1_5|rep0|4479|3|circular,CeccDNA_000041.1_5,Cecc,Cecc-InterChr,4479,3.0,2,2,4481,100.04,2,Chr4,18792391,18793203,+
CeccDNA_000041.1_6|rep0|4480|2|circular,CeccDNA_000041.1_6,Cecc,Cecc-InterChr,4480,2.0,2,2,4481,100.02,1,Chr1,4700291,4703960,-
CeccDNA_000041.1_6|rep0|4480|2|circular,CeccDNA_000041.1_6,Cecc,Cecc-InterChr,4480,2.0,2,2,4481,100.02,2,Chr4,18792391,18793203,-
CeccDNA_000041.1_7|rep0|4479|4|circular,CeccDNA_000041.1_7,Cecc,Cecc-InterChr,4479,4.0,2,2,4481,100.04,1,Chr1,4700291,4703960,+
CeccDNA_000041.1_7|rep0|4479|4|circular,CeccDNA_000041.1_7,Cecc,Cecc-InterChr,4479,4.0,2,2,4481,100.04,2,Chr4,18792391,18793203,+
CeccDNA_000041.1_8|rep0|4479|3|circular,CeccDNA_000041.1_8,Cecc,Cecc-InterChr,4479,3.0,2,2,4481,100.04,1,Chr1,4700291,4703960,-
CeccDNA_000041.1_8|rep0|4479|3|circular,CeccDNA_000041.1_8,Cecc,Cecc-InterChr,4479,3.0,2,2,4481,100.04,2,Chr4,18792391,18793203,-
CeccDNA_000041.1_10|rep0|4478|3|circular,CeccDNA_000041.1_10,Cecc,Cecc-InterChr,4478,3.0,2,2,4481,100.07,1,Chr4,18792391,18793203,-
CeccDNA_000041.1_10|rep0|4478|3|circular,CeccDNA_000041.1_10,Cecc,Cecc-InterChr,4478,3.0,2,2,4481,100.07,2,Chr1,4700291,4703960,-
CeccDNA_000041.1_13|rep0|4479|3|circular,CeccDNA_000041.1_13,Cecc,Cecc-InterChr,4479,3.0,2,2,4481,100.04,1,Chr4,18792391,18793203,+
CeccDNA_000041.1_13|rep0|4479|3|circular,CeccDNA_000041.1_13,Cecc,Cecc-InterChr,4479,3.0,2,2,4481,100.04,2,Chr1,4700291,4703960,+
CeccDNA_000043.1_9|rep0|5279|4|circular,CeccDNA_000043.1_9,Cecc,Cecc-InterChr,5279,4.0,2,2,5281,100.04,1,Chr4,11330969,11334725,+
CeccDNA_000043.1_9|rep0|5279|4|circular,CeccDNA_000043.1_9,Cecc,Cecc-InterChr,5279,4.0,2,2,5281,100.04,2,Chr1,2512390,2513915,+
CeccDNA_000043.1_7|rep0|5285|3|circular,CeccDNA_000043.1_7,Cecc,Cecc-InterChr,5285,3.0,2,2,5281,99.92,1,Chr1,2512390,2513915,+
CeccDNA_000043.1_7|rep0|5285|3|circular,CeccDNA_000043.1_7,Cecc,Cecc-InterChr,5285,3.0,2,2,5281,99.92,2,Chr4,11330969,11334725,+
CeccDNA_000043.1_17|rep0|5286|3|circular,CeccDNA_000043.1_17,Cecc,Cecc-InterChr,5286,3.0,2,2,5281,99.91,1,Chr1,2512390,2513915,+
CeccDNA_000043.1_17|rep0|5286|3|circular,CeccDNA_000043.1_17,Cecc,Cecc-InterChr,5286,3.0,2,2,5281,99.91,2,Chr4,11330969,11334725,+
CeccDNA_000043.1_8|rep0|5283|3|circular,CeccDNA_000043.1_8,Cecc,Cecc-InterChr,5283,3.0,2,2,5281,99.96,1,Chr1,2512390,2513915,-
CeccDNA_000043.1_8|rep0|5283|3|circular,CeccDNA_000043.1_8,Cecc,Cecc-InterChr,5283,3.0,2,2,5281,99.96,2,Chr4,11330969,11334725,-
CeccDNA_000043.1_6|rep0|5281|2|circular,CeccDNA_000043.1_6,Cecc,Cecc-InterChr,5281,2.0,2,2,5281,100.0,1,Chr4,11330969,11334725,-
CeccDNA_000043.1_6|rep0|5281|2|circular,CeccDNA_000043.1_6,Cecc,Cecc-InterChr,5281,2.0,2,2,5281,100.0,2,Chr1,2512390,2513915,-
CeccDNA_000043.1_18|rep0|5283|2|circular,CeccDNA_000043.1_18,Cecc,Cecc-InterChr,5283,2.0,2,2,5281,99.96,1,Chr1,2512390,2513915,-
CeccDNA_000043.1_18|rep0|5283|2|circular,CeccDNA_000043.1_18,Cecc,Cecc-InterChr,5283,2.0,2,2,5281,99.96,2,Chr4,11330969,11334725,-
CeccDNA_000043.1_21|rep0|5282|3|circular,CeccDNA_000043.1_21,Cecc,Cecc-InterChr,5282,3.0,2,2,5281,99.98,1,Chr4,11330969,11334725,+
CeccDNA_000043.1_21|rep0|5282|3|circular,CeccDNA_000043.1_21,Cecc,Cecc-InterChr,5282,3.0,2,2,5281,99.98,2,Chr1,2512390,2513915,+
CeccDNA_000093.1_3|rep0|6691|3|circular,CeccDNA_000093.1_3,Cecc,Cecc-InterChr,6691,3.0,2,2,6697,100.09,1,Chr3,17711001,17714810,+
CeccDNA_000093.1_3|rep0|6691|3|circular,CeccDNA_000093.1_3,Cecc,Cecc-InterChr,6691,3.0,2,2,6697,100.09,2,Chr4,16204478,16207366,+
CeccDNA_000093.1_10|rep0|6696|2|circular,CeccDNA_000093.1_10,Cecc,Cecc-InterChr,6696,2.0,2,2,6697,100.01,1,Chr3,17711001,17714810,-
CeccDNA_000093.1_10|rep0|6696|2|circular,CeccDNA_000093.1_10,Cecc,Cecc-InterChr,6696,2.0,2,2,6697,100.01,2,Chr4,16204478,16207366,-
CeccDNA_000093.1_14|rep0|6701|2|circular,CeccDNA_000093.1_14,Cecc,Cecc-InterChr,6701,2.0,2,2,6697,99.94,1,Chr3,17711001,17714810,-
CeccDNA_000093.1_14|rep0|6701|2|circular,CeccDNA_000093.1_14,Cecc,Cecc-InterChr,6701,2.0,2,2,6697,99.94,2,Chr4,16204478,16207366,-
CeccDNA_000093.1_12|rep0|6715|2|circular,CeccDNA_000093.1_12,Cecc,Cecc-InterChr,6715,2.0,2,2,6697,99.73,1,Chr3,17711001,17714810,-
CeccDNA_000093.1_12|rep0|6715|2|circular,CeccDNA_000093.1_12,Cecc,Cecc-InterChr,6715,2.0,2,2,6697,99.73,2,Chr4,16204478,16207366,-
CeccDNA_000045.1_2|rep0|8072|3|circular,CeccDNA_000045.1_2,Cecc,Cecc-InterChr,8072,3.0,3,3,8066,99.93,1,Chr4,15973924,15976287,-
CeccDNA_000045.1_2|rep0|8072|3|circular,CeccDNA_000045.1_2,Cecc,Cecc-InterChr,8072,3.0,3,3,8066,99.93,2,ChrC,1743,6435,-
CeccDNA_000045.1_2|rep0|8072|3|circular,CeccDNA_000045.1_2,Cecc,Cecc-InterChr,8072,3.0,3,3,8066,99.93,3,Chr3,12037333,12038344,-
CeccDNA_000045.1_8|rep0|8069|2|circular,CeccDNA_000045.1_8,Cecc,Cecc-InterChr,8069,2.0,3,3,8067,99.98,1,Chr4,15973924,15976288,-
CeccDNA_000045.1_8|rep0|8069|2|circular,CeccDNA_000045.1_8,Cecc,Cecc-InterChr,8069,2.0,3,3,8067,99.98,2,ChrC,1743,6435,-
CeccDNA_000045.1_8|rep0|8069|2|circular,CeccDNA_000045.1_8,Cecc,Cecc-InterChr,8069,2.0,3,3,8067,99.98,3,Chr3,12037333,12038344,-
CeccDNA_000042.1_3|rep0|9516|2|circular,CeccDNA_000042.1_3,Cecc,Cecc-InterChr,9516,2.0,2,2,9511,99.95,1,Chr1,20975746,20980446,+
CeccDNA_000042.1_3|rep0|9516|2|circular,CeccDNA_000042.1_3,Cecc,Cecc-InterChr,9516,2.0,2,2,9511,99.95,2,Chr4,19968912,19973723,+
CeccDNA_000045.1_5|rep0|8070|2|circular,CeccDNA_000045.1_5,Cecc,Cecc-InterChr,8070,2.0,3,3,8067,99.96,1,Chr3,12037333,12038344,+
CeccDNA_000045.1_5|rep0|8070|2|circular,CeccDNA_000045.1_5,Cecc,Cecc-InterChr,8070,2.0,3,3,8067,99.96,2,ChrC,1743,6435,+
CeccDNA_000045.1_5|rep0|8070|2|circular,CeccDNA_000045.1_5,Cecc,Cecc-InterChr,8070,2.0,3,3,8067,99.96,3,Chr4,15973924,15976288,+
CeccDNA_000045.1_21|rep0|8067|2|circular,CeccDNA_000045.1_21,Cecc,Cecc-InterChr,8067,2.0,3,3,8067,100.0,1,Chr4,15973924,15976288,+
CeccDNA_000045.1_21|rep0|8067|2|circular,CeccDNA_000045.1_21,Cecc,Cecc-InterChr,8067,2.0,3,3,8067,100.0,2,Chr3,12037333,12038344,+
CeccDNA_000045.1_21|rep0|8067|2|circular,CeccDNA_000045.1_21,Cecc,Cecc-InterChr,8067,2.0,3,3,8067,100.0,3,ChrC,1743,6435,+
CeccDNA_000042.1_16|rep0|9510|2|circular,CeccDNA_000042.1_16,Cecc,Cecc-InterChr,9510,2.0,2,2,9508,99.98,1,Chr4,19968918,19973726,-
CeccDNA_000042.1_16|rep0|9510|2|circular,CeccDNA_000042.1_16,Cecc,Cecc-InterChr,9510,2.0,2,2,9508,99.98,2,Chr1,20975746,20980446,-
CeccDNA_000099.1_6|rep0|7008|2|circular,CeccDNA_000099.1_6,Cecc,Cecc-InterChr,7008,2.0,2,2,7010,100.03,1,Chr5,18410397,18415058,-
CeccDNA_000099.1_6|rep0|7008|2|circular,CeccDNA_000099.1_6,Cecc,Cecc-InterChr,7008,2.0,2,2,7010,100.03,2,Chr3,5240787,5243136,-
CeccDNA_000099.1_24|rep0|7007|2|circular,CeccDNA_000099.1_24,Cecc,Cecc-InterChr,7007,2.0,2,2,7010,100.04,1,Chr5,18410397,18415058,-
CeccDNA_000099.1_24|rep0|7007|2|circular,CeccDNA_000099.1_24,Cecc,Cecc-InterChr,7007,2.0,2,2,7010,100.04,2,Chr3,5240787,5243136,-
CeccDNA_000099.1_12|rep0|7010|2|circular,CeccDNA_000099.1_12,Cecc,Cecc-InterChr,7010,2.0,2,2,7010,100.0,1,Chr3,5240787,5243136,-
CeccDNA_000099.1_12|rep0|7010|2|circular,CeccDNA_000099.1_12,Cecc,Cecc-InterChr,7010,2.0,2,2,7010,100.0,2,Chr5,18410397,18415058,-
CeccDNA_000048.1_9|rep0|7369|2|circular,CeccDNA_000048.1_9,Cecc,Cecc-InterChr,7369,2.0,2,2,7368,99.99,1,ChrC,1743,6435,+
CeccDNA_000048.1_9|rep0|7369|2|circular,CeccDNA_000048.1_9,Cecc,Cecc-InterChr,7369,2.0,2,2,7368,99.99,2,Chr5,7016921,7019597,+
CeccDNA_000047.1_5|rep0|8424|3|circular,CeccDNA_000047.1_5,Cecc,Cecc-InterChr,8424,3.0,3,3,8424,100.0,1,Chr3,3957087,3958310,+
CeccDNA_000047.1_5|rep0|8424|3|circular,CeccDNA_000047.1_5,Cecc,Cecc-InterChr,8424,3.0,3,3,8424,100.0,2,Chr1,25820702,25823212,+
CeccDNA_000047.1_5|rep0|8424|3|circular,CeccDNA_000047.1_5,Cecc,Cecc-InterChr,8424,3.0,3,3,8424,100.0,3,ChrC,1743,6434,+
CeccDNA_000048.1_12|rep0|7368|3|circular,CeccDNA_000048.1_12,Cecc,Cecc-InterChr,7368,3.0,2,2,7368,100.0,1,Chr5,7016921,7019597,-
CeccDNA_000048.1_12|rep0|7368|3|circular,CeccDNA_000048.1_12,Cecc,Cecc-InterChr,7368,3.0,2,2,7368,100.0,2,ChrC,1743,6435,-
CeccDNA_000048.1_2|rep0|7367|3|circular,CeccDNA_000048.1_2,Cecc,Cecc-InterChr,7367,3.0,2,2,7368,100.01,1,Chr5,7016921,7019597,-
CeccDNA_000048.1_2|rep0|7367|3|circular,CeccDNA_000048.1_2,Cecc,Cecc-InterChr,7367,3.0,2,2,7368,100.01,2,ChrC,1743,6435,-
CeccDNA_000049.1_2|rep0|3619|3|circular,CeccDNA_000049.1_2,Cecc,Cecc-InterChr,3619,3.0,2,2,3620,100.03,1,Chr3,11640637,11643028,-
CeccDNA_000049.1_2|rep0|3619|3|circular,CeccDNA_000049.1_2,Cecc,Cecc-InterChr,3619,3.0,2,2,3620,100.03,2,Chr5,3593215,3594444,-
CeccDNA_000049.1_6|rep0|3620|5|circular,CeccDNA_000049.1_6,Cecc,Cecc-InterChr,3620,5.0,2,2,3620,100.0,1,Chr3,11640637,11643028,-
CeccDNA_000049.1_6|rep0|3620|5|circular,CeccDNA_000049.1_6,Cecc,Cecc-InterChr,3620,5.0,2,2,3620,100.0,2,Chr5,3593215,3594444,-
CeccDNA_000049.1_4|rep0|3620|4|circular,CeccDNA_000049.1_4,Cecc,Cecc-InterChr,3620,4.0,2,2,3620,100.0,1,Chr3,11640637,11643028,-
CeccDNA_000049.1_4|rep0|3620|4|circular,CeccDNA_000049.1_4,Cecc,Cecc-InterChr,3620,4.0,2,2,3620,100.0,2,Chr5,3593215,3594444,-
CeccDNA_000049.1_9|rep0|3620|5|circular,CeccDNA_000049.1_9,Cecc,Cecc-InterChr,3620,5.0,2,2,3620,100.0,1,Chr3,11640637,11643028,+
CeccDNA_000049.1_9|rep0|3620|5|circular,CeccDNA_000049.1_9,Cecc,Cecc-InterChr,3620,5.0,2,2,3620,100.0,2,Chr5,3593215,3594444,+
CeccDNA_000049.1_8|rep0|3622|3|circular,CeccDNA_000049.1_8,Cecc,Cecc-InterChr,3622,3.0,2,2,3620,99.94,1,Chr3,11640637,11643028,-
CeccDNA_000049.1_8|rep0|3622|3|circular,CeccDNA_000049.1_8,Cecc,Cecc-InterChr,3622,3.0,2,2,3620,99.94,2,Chr5,3593215,3594444,-
CeccDNA_000055.1_1|rep0|6144|2|circular,CeccDNA_000055.1_1,Cecc,Cecc-InterChr,6144,2.0,3,3,6145,100.02,1,ChrC,1743,6435,+
CeccDNA_000055.1_1|rep0|6144|2|circular,CeccDNA_000055.1_1,Cecc,Cecc-InterChr,6144,2.0,3,3,6145,100.02,2,Chr1,29689161,29690292,+
CeccDNA_000055.1_1|rep0|6144|2|circular,CeccDNA_000055.1_1,Cecc,Cecc-InterChr,6144,2.0,3,3,6145,100.02,3,Chr4,14784790,14785112,+
CeccDNA_000054.1_2|rep0|2345|5|circular,CeccDNA_000054.1_2,Cecc,Cecc-InterChr,2345,5.0,2,2,2337,99.66,1,Chr5,2806375,2807795,-
CeccDNA_000054.1_2|rep0|2345|5|circular,CeccDNA_000054.1_2,Cecc,Cecc-InterChr,2345,5.0,2,2,2337,99.66,2,Chr1,30770226,30771143,-
CeccDNA_000053.1_2|rep0|2944|4|circular,CeccDNA_000053.1_2,Cecc,Cecc-InterChr,2944,4.0,2,2,2944,100.0,1,Chr3,21213672,21216135,-
CeccDNA_000053.1_2|rep0|2944|4|circular,CeccDNA_000053.1_2,Cecc,Cecc-InterChr,2944,4.0,2,2,2944,100.0,2,Chr5,28141610,28142091,-
CeccDNA_000053.1_1|rep0|2944|4|circular,CeccDNA_000053.1_1,Cecc,Cecc-InterChr,2944,4.0,2,2,2887,98.06,1,Chr3,21213672,21216078,+
CeccDNA_000053.1_1|rep0|2944|4|circular,CeccDNA_000053.1_1,Cecc,Cecc-InterChr,2944,4.0,2,2,2887,98.06,2,Chr5,28141610,28142091,+
CeccDNA_000055.1_12|rep0|6148|3|circular,CeccDNA_000055.1_12,Cecc,Cecc-InterChr,6148,3.0,3,3,6145,99.95,1,ChrC,1743,6435,-
CeccDNA_000055.1_12|rep0|6148|3|circular,CeccDNA_000055.1_12,Cecc,Cecc-InterChr,6148,3.0,3,3,6145,99.95,2,Chr4,14784790,14785112,-
CeccDNA_000055.1_12|rep0|6148|3|circular,CeccDNA_000055.1_12,Cecc,Cecc-InterChr,6148,3.0,3,3,6145,99.95,3,Chr1,29689161,29690292,-
CeccDNA_000053.1_4|rep0|2944|4|circular,CeccDNA_000053.1_4,Cecc,Cecc-InterChr,2944,4.0,2,2,2944,100.0,1,Chr3,21213672,21216135,-
CeccDNA_000053.1_4|rep0|2944|4|circular,CeccDNA_000053.1_4,Cecc,Cecc-InterChr,2944,4.0,2,2,2944,100.0,2,Chr5,28141610,28142091,-
CeccDNA_000053.1_6|rep0|2945|3|circular,CeccDNA_000053.1_6,Cecc,Cecc-InterChr,2945,3.0,2,2,2944,99.97,1,Chr3,21213672,21216135,-
CeccDNA_000053.1_6|rep0|2945|3|circular,CeccDNA_000053.1_6,Cecc,Cecc-InterChr,2945,3.0,2,2,2944,99.97,2,Chr5,28141610,28142091,-
CeccDNA_000055.1_13|rep0|6144|2|circular,CeccDNA_000055.1_13,Cecc,Cecc-InterChr,6144,2.0,3,3,6145,100.02,1,ChrC,1743,6435,+
CeccDNA_000055.1_13|rep0|6144|2|circular,CeccDNA_000055.1_13,Cecc,Cecc-InterChr,6144,2.0,3,3,6145,100.02,2,Chr1,29689161,29690292,+
CeccDNA_000055.1_13|rep0|6144|2|circular,CeccDNA_000055.1_13,Cecc,Cecc-InterChr,6144,2.0,3,3,6145,100.02,3,Chr4,14784790,14785112,+
CeccDNA_000053.1_7|rep0|2944|5|circular,CeccDNA_000053.1_7,Cecc,Cecc-InterChr,2944,5.0,2,2,2944,100.0,1,Chr5,28141610,28142091,+
CeccDNA_000053.1_7|rep0|2944|5|circular,CeccDNA_000053.1_7,Cecc,Cecc-InterChr,2944,5.0,2,2,2944,100.0,2,Chr3,21213672,21216135,+
CeccDNA_000053.1_9|rep0|2944|5|circular,CeccDNA_000053.1_9,Cecc,Cecc-InterChr,2944,5.0,2,2,2944,100.0,1,Chr5,28141610,28142091,+
CeccDNA_000053.1_9|rep0|2944|5|circular,CeccDNA_000053.1_9,Cecc,Cecc-InterChr,2944,5.0,2,2,2944,100.0,2,Chr3,21213672,21216135,+
CeccDNA_000053.1_10|rep0|2944|4|circular,CeccDNA_000053.1_10,Cecc,Cecc-InterChr,2944,4.0,2,2,2944,100.0,1,Chr3,21213672,21216135,-
CeccDNA_000053.1_10|rep0|2944|4|circular,CeccDNA_000053.1_10,Cecc,Cecc-InterChr,2944,4.0,2,2,2944,100.0,2,Chr5,28141610,28142091,-
CeccDNA_000055.1_15|rep0|6149|2|circular,CeccDNA_000055.1_15,Cecc,Cecc-InterChr,6149,2.0,3,3,6144,99.92,1,Chr4,14784790,14785112,+
CeccDNA_000055.1_15|rep0|6149|2|circular,CeccDNA_000055.1_15,Cecc,Cecc-InterChr,6149,2.0,3,3,6144,99.92,2,ChrC,1745,6436,+
CeccDNA_000055.1_15|rep0|6149|2|circular,CeccDNA_000055.1_15,Cecc,Cecc-InterChr,6149,2.0,3,3,6144,99.92,3,Chr1,29689161,29690292,+
CeccDNA_000053.1_11|rep0|2944|3|circular,CeccDNA_000053.1_11,Cecc,Cecc-InterChr,2944,3.0,2,2,2944,100.0,1,Chr5,28141610,28142091,+
CeccDNA_000053.1_11|rep0|2944|3|circular,CeccDNA_000053.1_11,Cecc,Cecc-InterChr,2944,3.0,2,2,2944,100.0,2,Chr3,21213672,21216135,+
