ID	Name	FORWARD_PRIMER	REVERSE_PRIMER	PRODUCT_SIZE	FORWARD_SPECIFIC	REVERSE_SPECIFIC	ATTEMPT
Chr4:1773495-1775186_1	Uecc|Chr4-1773495-1775186-1692	ACCTAACCCATACACACGGC	AGGTGGATATGCGGTTGTGG	534	False	False	1
Chr4:1773495-1775186_2	Uecc|Chr4-1773495-1775186-1692	CGACTTCTCTCCATGGACGG	GCTACTGTCGGTGACATGGG	538	False	False	1
Chr4:1773495-1775186_3	Uecc|Chr4-1773495-1775186-1692	CGACTTCTCTCCATGGACGG	GGCTACTGTCGGTGACATGG	539	False	False	1
Chr4:1773495-1775186_4	Uecc|Chr4-1773495-1775186-1692	CCGACTTCTCTCCATGGACG	GCTACTGTCGGTGACATGGG	539	False	False	1
Chr4:1773495-1775186_5	Uecc|Chr4-1773495-1775186-1692	CCGACTTCTCTCCATGGACG	GGCTACTGTCGGTGACATGG	540	False	False	1
Chr1:2924128-2926296_1	Uecc|Chr1-2924128-2926296-2169	CTGTCACCAGGCTTTAGGGG	TTTCGTCTTGACGGGATGGG	424	False	False	1
Chr1:2924128-2926296_2	Uecc|Chr1-2924128-2926296-2169	TTTGCCCAACTACGGAGACC	TTTCGTCTTGACGGGATGGG	452	False	False	1
Chr1:2924128-2926296_3	Uecc|Chr1-2924128-2926296-2169	CTGTCACCAGGCTTTAGGGG	AGAGGCTTTCGTCTTGACGG	430	False	False	1
Chr1:2924128-2926296_4	Uecc|Chr1-2924128-2926296-2169	TTTGCCCAACTACGGAGACC	AGAGGCTTTCGTCTTGACGG	458	False	False	1
Chr1:2924128-2926296_5	Uecc|Chr1-2924128-2926296-2169	GGTGTCGGTGATATGGGACC	TTTCGTCTTGACGGGATGGG	403	False	False	1
Chr7:5507711-5508156_1	Uecc|Chr7-5507711-5508156-446	GGACAATGAGCGTGGTGAGG	TCGTTGCCATTGTCCTCACC	478	True	True	1
Chr7:5507711-5508156_2	Uecc|Chr7-5507711-5508156-446	GGTGAGGACAATGAGCGTGG	TCGTTGCCATTGTCCTCACC	483	True	True	1
Chr7:5507711-5508156_3	Uecc|Chr7-5507711-5508156-446	TGGTGAGGACAATGGCAACG	GTCCTCACCACGCTCATTCC	437	True	True	1
Chr7:5507711-5508156_4	Uecc|Chr7-5507711-5508156-446	TGAGGACAATGGCAACGACG	GTCCTCACCACGCTCATTCC	434	True	True	1
Chr7:5507711-5508156_5	Uecc|Chr7-5507711-5508156-446	GGTGAGGACAATGAGCGTGG	GTCCTCACCACGCTCATTCC	454	True	True	1
Chr8:19679447-19679704_1	Uecc|Chr8-19679447-19679704-258	ATCTGACCGATCTGTGACCG	CGTGTGTGGGTTAGGTGAGC	407	False	False	1
Chr8:19679447-19679704_2	Uecc|Chr8-19679447-19679704-258	ATCTGACCGATCTGTGACCG	GTGGGTTAGGTGAGCACAGC	402	False	False	1
Chr8:19679447-19679704_3	Uecc|Chr8-19679447-19679704-258	ATCTGACCGATCTGTGACCG	TGGGTTAGGTGAGCACAGC	401	False	False	1
Chr8:19679447-19679704_4	Uecc|Chr8-19679447-19679704-258	GATCTGACCGATCTGTGACCG	CGTGTGTGGGTTAGGTGAGC	408	False	False	1
Chr8:19679447-19679704_5	Uecc|Chr8-19679447-19679704-258	CGATCTGACCGATCTGTGACC	CGTGTGTGGGTTAGGTGAGC	409	False	False	1
Chr12:25674389-25675304_1	Uecc|Chr12-25674389-25675304-916	CCAACCTCGCCATAGAAGGG	CACCTCCATCTCCATCGTCG	459	True	False	1
Chr12:25674389-25675304_2	Uecc|Chr12-25674389-25675304-916	CGTCTACAGCTTCCGAGTGG	CACCTCCATCTCCATCGTCG	560	False	False	1
Chr12:25674389-25675304_3	Uecc|Chr12-25674389-25675304-916	CCAACCTCGCCATAGAAGGG	CTCCATCTCCATCGTCGTCG	456	True	True	1
Chr12:25674389-25675304_4	Uecc|Chr12-25674389-25675304-916	CGTCTACAGCTTCCGAGTGG	CTCCATCTCCATCGTCGTCG	557	False	True	1
Chr12:25674389-25675304_5	Uecc|Chr12-25674389-25675304-916	CACAAGCCTCAAGGGACTCC	CACCTCCATCTCCATCGTCG	404	False	False	1
Chr3:14447657-14448084_1	Uecc|Chr3-14447657-14448084-428	GATCATCGAGTTCACGCACG	CGATGATCTTGGCGAGGAGG	435	True	True	1
Chr3:14447657-14448084_2	Uecc|Chr3-14447657-14448084-428	AGATTCTGGTGTCCACGACG	ATCTTGACGACCTTCAGCGC	431	True	True	1
Chr3:14447657-14448084_3	Uecc|Chr3-14447657-14448084-428	CCTCCTCGCCAAGATCATCG	ATCTTGACGACCTTCAGCGC	541	True	True	1
Chr3:14447657-14448084_4	Uecc|Chr3-14447657-14448084-428	GATCATCGAGTTCACGCACG	GATGATCTTGGCGAGGAGGC	434	True	True	1
Chr3:14447657-14448084_5	Uecc|Chr3-14447657-14448084-428	GATCATCGAGTTCACGCACG	ATCTTGACGACCTTCAGCGC	529	True	True	1
Chr1:43680624-43681556_1	Uecc|Chr1-43680624-43681556-933	CAGCGCCTAGATACTGGTGG	TTTGCTTGTTCGGCCATTGG	598	False	False	1
Chr1:43680624-43681556_2	Uecc|Chr1-43680624-43681556-933	AATGGCCGAACAAGCAAAGG	GTACCAGAGGTCTTGGTGGC	402	False	False	1
Chr1:43680624-43681556_3	Uecc|Chr1-43680624-43681556-933	CTCTGGTACTGCTACCACCG	TTTGCTTGTTCGGCCATTGG	557	False	False	1
Chr1:43680624-43681556_4	Uecc|Chr1-43680624-43681556-933	CAGCGCCTAGATACTGGTGG	GAACAGGAAAAGCTTGGCGC	575	False	False	1
Chr1:43680624-43681556_5	Uecc|Chr1-43680624-43681556-933	CAGCGCCTAGATACTGGTGG	TGAACAGGAAAAGCTTGGCG	576	False	False	1
Chr1:40395864-40397081_1	Uecc|Chr1-40395864-40397081-1218	GTGGGACCCACGTATCATCC	CTCGACGACATAGACACGGG	428	False	True	1
Chr1:40395864-40397081_2	Uecc|Chr1-40395864-40397081-1218	GTGGGACCCACGTATCATCC	GGAGATTCCACGCCATTTGC	450	False	True	1
Chr1:40395864-40397081_3	Uecc|Chr1-40395864-40397081-1218	TGTCTATGTCGTCGAGCTGC	TCTGATCTGATCTCCCGGGG	526	True	True	1
Chr1:40395864-40397081_4	Uecc|Chr1-40395864-40397081-1218	GCAAATGGCGTGGAATCTCC	TCTGATCTGATCTCCCGGGG	508	True	True	1
Chr1:40395864-40397081_5	Uecc|Chr1-40395864-40397081-1218	TGTCTATGTCGTCGAGCTGC	CATCCATGAGAGCAGGCTCC	438	True	True	1
Chr6:9254674-9255914_1	Uecc|Chr6-9254674-9255914-1241	CATGCAAGTCCGCTTCTTCG	GTAATAGCCGGCGTACTCCC	423	False	False	1
Chr6:9254674-9255914_2	Uecc|Chr6-9254674-9255914-1241	GGTAGTCTGGGGCTCTTTGG	GTAATAGCCGGCGTACTCCC	593	False	False	1
Chr6:9254674-9255914_3	Uecc|Chr6-9254674-9255914-1241	ACTTGTCGACCCTCTCAAGC	GACTTGCATGCAGTACAGCG	422	False	False	1
Chr6:9254674-9255914_4	Uecc|Chr6-9254674-9255914-1241	GGTAGTCTGGGGCTCTTTGG	ATGGACGTGAAGATCAGCCC	530	False	False	1
Chr6:9254674-9255914_5	Uecc|Chr6-9254674-9255914-1241	GGTAGTCTGGGGCTCTTTGG	GACGTGAAGATCAGCCCTCC	527	False	False	1
Chr9:18508225-18508865_1	Uecc|Chr9-18508225-18508865-641	AGTCAGTCTTGGCCATGTGC	TCTCTCTCTCTCTTCTCCCGG	464	True	False	1
Chr9:18508225-18508865_2	Uecc|Chr9-18508225-18508865-641	AGTCAGTCTTGGCCATGTGC	CTCTCTCTCTCTTCTCCCGG	463	True	False	1
Chr9:18508225-18508865_3	Uecc|Chr9-18508225-18508865-641	AGTCAGTCTTGGCCATGTGC	CTCTCTCTCTCTCTTCTCCCGG	465	True	False	1
Chr9:18508225-18508865_4	Uecc|Chr9-18508225-18508865-641	TCAGTCTTGGCCATGTGCG	TCTCTCTCTCTCTTCTCCCGG	462	True	False	1
Chr9:18508225-18508865_5	Uecc|Chr9-18508225-18508865-641	AGTCAGTCTTGGCCATGTGC	GCTCTCTCTCTCTCTTCTCCC	466	True	True	1
Chr12:5667151-5668761_1	Uecc|Chr12-5667151-5668761-1611	TCCGTTACCTTTTGGGAGGC	GCAAAATAGCTCGATGCCGG	582	False	False	1
Chr12:5667151-5668761_2	Uecc|Chr12-5667151-5668761-1611	TCCGTTACCTTTTGGGAGGC	GGCAAAATAGCTCGATGCCG	583	False	False	1
Chr12:5667151-5668761_3	Uecc|Chr12-5667151-5668761-1611	CCCTACAGTATCGTCACCGC	TCCTCCGACTTCCCTAGAGC	505	False	False	1
Chr12:5667151-5668761_4	Uecc|Chr12-5667151-5668761-1611	TTGGTGTGGTTCCTCTACGC	TCCTCCGACTTCCCTAGAGC	454	False	False	1
Chr12:5667151-5668761_5	Uecc|Chr12-5667151-5668761-1611	TTCGGGATGGATTGGTGTGG	TCCTCCGACTTCCCTAGAGC	465	False	False	1
Chr12:6443323-6446261_1	Uecc|Chr12-6443323-6446261-2939	GTTCAAACACCTGTCACGCC	AGATAGAACTGTGCAGCCGG	546	True	False	1
Chr12:6443323-6446261_2	Uecc|Chr12-6443323-6446261-2939	ATGTGTGTGAACCCTCGTCC	AGATAGAACTGTGCAGCCGG	494	False	False	1
Chr12:6443323-6446261_3	Uecc|Chr12-6443323-6446261-2939	CAAGGCATAGACTCCCCAGC	TGTACCCACAAGACACAGCC	465	False	False	1
Chr12:6443323-6446261_4	Uecc|Chr12-6443323-6446261-2939	AGCTTGACCAAGGCTACACC	TATTCGAATAGCCGTGCCCG	450	False	False	1
Chr12:6443323-6446261_5	Uecc|Chr12-6443323-6446261-2939	AATCCTCCACACCATCAGCC	TATGATCCAGGAAGGTGCGC	585	False	False	1
Chr4:5576116-5576925_1	Uecc|Chr4-5576116-5576925-810	TGCTCCTCATCAACTGTGCC	TTCGGGTGAAGGAAGATGGC	418	True	True	1
Chr4:5576116-5576925_2	Uecc|Chr4-5576116-5576925-810	TGCTCCTCATCAACTGTGCC	TTCGGGTGAAGGAAGATGGC	418	True	True	1
Chr4:5576116-5576925_3	Uecc|Chr4-5576116-5576925-810	TGCTCCTCATCAACTGTGCC	GTGGTAGGATCTCTTGGCGG	567	True	True	1
Chr4:5576116-5576925_4	Uecc|Chr4-5576116-5576925-810	TGCTCCTCATCAACTGTGCC	CCGTGGTAGGATCTCTTGGC	569	True	True	1
Chr4:5576116-5576925_5	Uecc|Chr4-5576116-5576925-810	TGCTCCTCATCAACTGTGCC	GCCGTGGTAGGATCTCTTGG	570	True	True	1
Chr7:8428357-8429952_1	Uecc|Chr7-8428357-8429952-1596	AGCGTCGCTCCTGTATAAGC	CCTACTGACATCCGTGGTCG	450	True	True	1
Chr7:8428357-8429952_2	Uecc|Chr7-8428357-8429952-1596	AGCGTCGCTCCTGTATAAGC	CCCAGGAATGGAGAGCTTCC	534	True	True	1
Chr7:8428357-8429952_3	Uecc|Chr7-8428357-8429952-1596	GCGGTTTGTTGAGCTGATCC	CCTACTGACATCCGTGGTCG	598	True	True	1
Chr7:8428357-8429952_4	Uecc|Chr7-8428357-8429952-1596	CGACCACGGATGTCAGTAGG	CCACCTCAACTGCTTCCTCC	589	True	True	1
Chr7:8428357-8429952_5	Uecc|Chr7-8428357-8429952-1596	TCGCTCCTGTATAAGCCACG	CCTACTGACATCCGTGGTCG	446	True	True	1
Chr3:28035680-28036168_1	Uecc|Chr3-28035680-28036168-489	GTCTCGCGGAATCAAACAGC	CCCTTCGATCTCGCTCTTCC	489	False	True	1
Chr3:28035680-28036168_2	Uecc|Chr3-28035680-28036168-489	TTCACCATGCGATACCGTCC	GAAAATGATGTCGCGGACGG	522	True	True	1
Chr3:28035680-28036168_3	Uecc|Chr3-28035680-28036168-489	GGAAGAGCGAGATCGAAGGG	TTTCACCGTACGATACCGCC	470	True	True	1
Chr3:28035680-28036168_4	Uecc|Chr3-28035680-28036168-489	GTCTCGCGGAATCAAACAGC	TTTCACCGTACGATACCGCC	451	False	True	1
Chr3:28035680-28036168_5	Uecc|Chr3-28035680-28036168-489	TTCACCATGCGATACCGTCC	GAAAGAGCGAAACTGTGCGG	491	True	True	1
Chr1:30249112-30249993_1	Uecc|Chr1-30249112-30249993-882	CTTCCCATCTAGTCGCGTGG	TGTACCTACCCCTCCATCGG	577	False	True	1
Chr1:30249112-30249993_2	Uecc|Chr1-30249112-30249993-882	CTTCCCATCTAGTCGCGTGG	TGTATGAAGACTTCGGCGGC	421	False	False	1
Chr1:30249112-30249993_3	Uecc|Chr1-30249112-30249993-882	CTTCCCATCTAGTCGCGTGG	CCGTTTGTACCTACCCCTCC	582	False	True	1
Chr1:30249112-30249993_4	Uecc|Chr1-30249112-30249993-882	GAGCTCGGAGGAAGAACAGC	ACATGGGTCAATCGAGTGGC	481	False	True	1
Chr1:30249112-30249993_5	Uecc|Chr1-30249112-30249993-882	GAGCTCGGAGGAAGAACAGC	ACATGGGTCAATCGAGTGGC	481	False	True	1
Chr12:15146843-15147132_1	Uecc|Chr12-15146843-15147132-290	TGAGCACTACATGGAGCACC	TGTAGTCACGACATGGACGG	418	True	True	1
Chr12:15146843-15147132_2	Uecc|Chr12-15146843-15147132-290	GGGTGAGCACTACATGGAGC	TGTAGTCACGACATGGACGG	421	True	True	1
Chr12:15146843-15147132_3	Uecc|Chr12-15146843-15147132-290	TGAGCACTACATGGAGCACC	CATGGACGGTGGAGGATATGG	407	True	True	1
Chr12:15146843-15147132_4	Uecc|Chr12-15146843-15147132-290	TGAGCACTACATGGAGCACC	TTGTAGTCACGACATGGACGG	419	True	True	1
Chr12:15146843-15147132_5	Uecc|Chr12-15146843-15147132-290	TGAGGTGGCTATCTAGAGGGG	CTCCATGTAGTGCTCACCCC	402	False	True	1
Chr9:13860567-13861696_1	Uecc|Chr9-13860567-13861696-1130	AGGAGGAAAATATGGCCCCG	GAGAGGATGACATGTGGGCC	408	True	False	1
Chr9:13860567-13861696_2	Uecc|Chr9-13860567-13861696-1130	AGGAGGAAAATATGGCCCCG	GAGAGGATGACATGTGGGCC	408	True	False	1
Chr9:13860567-13861696_3	Uecc|Chr9-13860567-13861696-1130	CGTCACTCCAGATGCCATGG	AGCGACACTAGGGGTCTAGG	509	True	False	1
Chr9:13860567-13861696_4	Uecc|Chr9-13860567-13861696-1130	AGACTTCATCTCACGTGGCG	CCATGGCATCTGGAGTGACG	445	False	True	1
Chr9:13860567-13861696_5	Uecc|Chr9-13860567-13861696-1130	TTTGAATGCCACGTAAGCGC	CCATGGCATCTGGAGTGACG	477	False	True	1
Chr10:23164813-23165247_1	Uecc|Chr10-23164813-23165247-435	TAACGAGAATGGGCCTCACG	GATTTGGATTACGTGCGGCC	422	True	True	1
Chr10:23164813-23165247_2	Uecc|Chr10-23164813-23165247-435	TAACGAGAATGGGCCTCACG	GGATTTGGATTACGTGCGGC	423	True	True	1
Chr10:23164813-23165247_3	Uecc|Chr10-23164813-23165247-435	GCCGCACGTAATCCAAATCC	TTCTTCCCCTGTTGGTTGGG	525	True	True	1
Chr10:23164813-23165247_4	Uecc|Chr10-23164813-23165247-435	GTCCCAAGCCCATTTGTTGG	GATTTGGATTACGTGCGGCC	473	True	True	1
Chr10:23164813-23165247_5	Uecc|Chr10-23164813-23165247-435	GTCCCAAGCCCATTTGTTGG	GGATTTGGATTACGTGCGGC	474	True	True	1
Chr4:35809693-35810339_1	Uecc|Chr4-35809693-35810339-647	AGAGCCCAGATATGCCAAGC	GGGGATATGACATGGCACCC	514	True	True	1
Chr4:35809693-35810339_2	Uecc|Chr4-35809693-35810339-647	GGGTGCCATGTCATATCCCC	CGTTCCCCAACTGCAAAACC	486	True	True	1
Chr4:35809693-35810339_3	Uecc|Chr4-35809693-35810339-647	TTTCCTCTCCTCCCCTCTCC	CGTTCCCCAACTGCAAAACC	437	True	True	1
Chr4:35809693-35810339_4	Uecc|Chr4-35809693-35810339-647	TCGGGTGCCATGTCATATCC	CGTTCCCCAACTGCAAAACC	488	True	True	1
Chr4:35809693-35810339_5	Uecc|Chr4-35809693-35810339-647	GGTTTTGCAGTTGGGGAACG	ACAACTCCCTCCGTTTCAGG	522	True	True	1
Chr3:8570100-8570989_1	Uecc|Chr3-8570100-8570989-890	AACTTCTCTCCGTGGATGGC	CATTCTAGATTGCGGCGTGC	426	False	False	1
Chr3:8570100-8570989_2	Uecc|Chr3-8570100-8570989-890	AACTTCTCTCCGTGGATGGC	CATTCTAGATTGCGGCGTGC	426	False	False	1
Chr3:8570100-8570989_3	Uecc|Chr3-8570100-8570989-890	CTCCTGGGACTGAAGACAGC	TGGCTAAGTCACTTTCGCCC	511	False	False	1
Chr3:8570100-8570989_4	Uecc|Chr3-8570100-8570989-890	CTCCTGGGACTGAAGACAGC	TGGCTAAGTCACTTTCGCCC	511	False	False	1
Chr3:8570100-8570989_5	Uecc|Chr3-8570100-8570989-890	AACTTCTCTCCGTGGATGGC	TGGCTAAGTCACTTTCGCCC	545	False	False	1
Chr1:37640859-37641732_1	Uecc|Chr1-37640859-37641732-874	ATGGAGGACACGTTCTCTGC	CTGCAGGTGATCTCGATCCC	481	False	True	1
Chr1:37640859-37641732_2	Uecc|Chr1-37640859-37641732-874	CAGTTTGATCCGACGGTTGC	TCAAGCGAGCAGGAGATTCC	451	True	True	1
Chr1:37640859-37641732_3	Uecc|Chr1-37640859-37641732-874	CAGGTGATCTCGATCCACGG	AGACTGGGAAATCGGGTTGG	525	True	False	1
Chr1:37640859-37641732_4	Uecc|Chr1-37640859-37641732-874	TATGCGGAATCTCCTGCTCG	GTCACATCCATTCGCAACCG	480	True	True	1
Chr1:37640859-37641732_5	Uecc|Chr1-37640859-37641732-874	TTGAGGAGGAAGAAGCAGCC	GTCACATCCATTCGCAACCG	549	True	True	1
Chr8:9979231-9979681_1	Uecc|Chr8-9979231-9979681-451	TTCCTGTCGTTCAACTCCGG	GAACGACAGGAACTTGTGCG	462	True	True	1
Chr8:9979231-9979681_2	Uecc|Chr8-9979231-9979681-451	TTCCTGTCGTTCAACTCCGG	CATCACGGCGATGTTCTTGC	507	True	True	1
Chr8:9979231-9979681_3	Uecc|Chr8-9979231-9979681-451	CGATCTACTCCATGGGCAGG	GAACGACAGGAACTTGTGCG	584	True	True	1
Chr8:9979231-9979681_4	Uecc|Chr8-9979231-9979681-451	CTACTCCATGGGCAGGATGG	GAACGACAGGAACTTGTGCG	580	False	True	1
Chr8:9979231-9979681_5	Uecc|Chr8-9979231-9979681-451	GGAGGACACGAAATCCCTCG	ATTGTGTGCCAGTTCTTCGC	400	True	True	1
Chr3:14458645-14459106_1	Uecc|Chr3-14458645-14459106-462	GATCACCTCCAGCATCCTCG	ACTTCTTCCTCGCAAACCCC	403	True	True	1
Chr3:14458645-14459106_2	Uecc|Chr3-14458645-14459106-462	AATCAAACAGCTGGGAGGGG	ACTTCTTCCTCGCAAACCCC	497	True	True	1
Chr3:14458645-14459106_3	Uecc|Chr3-14458645-14459106-462	AATCAAACAGCTGGGAGGGG	GAACCTGACGAGGATGCTGG	583	True	True	1
Chr3:14458645-14459106_4	Uecc|Chr3-14458645-14459106-462	GATCACCTCCAGCATCCTCG	GATCTATCTCGGTGGCAGGG	465	True	True	1
Chr3:14458645-14459106_5	Uecc|Chr3-14458645-14459106-462	ACGAGGTCTTTGATGTCGGC	ACTTCTTCCTCGCAAACCCC	456	True	True	1
Chr1:25290765-25291856_1	Uecc|Chr1-25290765-25291856-1092	AGGTGTTGATGAGGAAGCCG	GAAGATGAACGCCGTGATGC	559	True	True	1
Chr1:25290765-25291856_2	Uecc|Chr1-25290765-25291856-1092	ACACGTACAGCACAGATCCG	TACTCACCGACATGCTCTGC	477	True	True	1
Chr1:25290765-25291856_3	Uecc|Chr1-25290765-25291856-1092	CACCCATAGGAACCTCTGCC	TACTCACCGACATGCTCTGC	566	False	True	1
Chr1:25290765-25291856_4	Uecc|Chr1-25290765-25291856-1092	CCACCCATAGGAACCTCTGC	TACTCACCGACATGCTCTGC	567	False	True	1
Chr1:25290765-25291856_5	Uecc|Chr1-25290765-25291856-1092	TTGATGAGGAAGCCGTCAGC	GAAGATGAACGCCGTGATGC	554	True	True	1
Chr6:29520035-29520349_1	Uecc|Chr6-29520035-29520349-315	TCTGTCCCCGCTGATCTACC	ATGGCATCTCCTTCTTGGCC	517	True	True	1
Chr6:29520035-29520349_2	Uecc|Chr6-29520035-29520349-315	CCCGCTGATCTACCACAACG	ATGGCATCTCCTTCTTGGCC	511	True	True	1
Chr6:29520035-29520349_3	Uecc|Chr6-29520035-29520349-315	TCTGTCCCCGCTGATCTACC	GCATCTCCTTCTTGGCCTCC	514	True	True	1
Chr6:29520035-29520349_4	Uecc|Chr6-29520035-29520349-315	CCCGCTGATCTACCACAACG	GCATCTCCTTCTTGGCCTCC	508	True	True	1
Chr6:29520035-29520349_5	Uecc|Chr6-29520035-29520349-315	TCTGTCCCCGCTGATCTACC	CATGGCATCTCCTTCTTGGC	518	True	True	1
Chr9:25639277-25641356_1	Uecc|Chr9-25639277-25641356-2080	GCTCGAACTAGGCCAGAAGG	GTGGAAGGAGTCGGAGTTGG	434	True	True	1
Chr9:25639277-25641356_2	Uecc|Chr9-25639277-25641356-2080	AGGGCTAGGCGTTAAATGGG	GTGGAAGGAGTCGGAGTTGG	417	True	True	1
Chr9:25639277-25641356_3	Uecc|Chr9-25639277-25641356-2080	CCTCGACAACATCCTCCTCG	TGCTTCATCAGGCAGATCCC	478	False	True	1
Chr9:25639277-25641356_4	Uecc|Chr9-25639277-25641356-2080	GAACATTCAGCAGAAGCCGC	TCTGCGGGCCAGATAATTCC	487	True	True	1
Chr9:25639277-25641356_5	Uecc|Chr9-25639277-25641356-2080	CCTCGACAACATCCTCCTCG	CATCTTGTTGTTGTCCGGCC	449	False	True	1
Chr2:11074191-11074909_1	Uecc|Chr2-11074191-11074909-719	GAGTCCGGATAGGTTACGCG	CCACACATGCTTCAAGTGGC	513	False	False	1
Chr2:11074191-11074909_2	Uecc|Chr2-11074191-11074909-719	AAATCCGGTGCGTGAAAACG	CCACACATGCTTCAAGTGGC	538	False	False	1
Chr2:11074191-11074909_3	Uecc|Chr2-11074191-11074909-719	GAGTCCGGATAGGTTACGCG	CTTCAAGTGGCTAGGAGGGC	504	False	False	1
Chr2:11074191-11074909_4	Uecc|Chr2-11074191-11074909-719	GAGTCCGGATAGGTTACGCG	GCTTCAAGTGGCTAGGAGGG	505	False	False	1
Chr2:11074191-11074909_5	Uecc|Chr2-11074191-11074909-719	AAATCCGGTGCGTGAAAACG	CTTCAAGTGGCTAGGAGGGC	529	False	False	1
Chr9:6854-7429_1	Uecc|Chr9-6854-7429-576	GAAGGCACGAAGGGAAAACG	GGCTGGATCTCAGTGGATCG	458	False	False	1
Chr9:6854-7429_2	Uecc|Chr9-6854-7429-576	CGATCCACTGAGATCCAGCC	TCTGCCACTTACAATGCCCC	560	False	False	1
Chr9:6854-7429_3	Uecc|Chr9-6854-7429-576	CGATCCACTGAGATCCAGCC	CGTCTGCAAAGGATTCAGCC	525	False	False	1
Chr9:6854-7429_4	Uecc|Chr9-6854-7429-576	GAAGGCACGAAGGGAAAACG	GGATCTCAGTGGATCGTGGC	454	False	False	1
Chr9:6854-7429_5	Uecc|Chr9-6854-7429-576	GAAGGCACGAAGGGAAAACG	TCTGCCACTTACAATGCCCC	423	False	False	1
Chr3:7414420-7415229_1	Uecc|Chr3-7414420-7415229-810	GTGCTTGTGTGCATCCATCC	TACTGTAACCAGAAGCGGGC	456	True	True	1
Chr3:7414420-7415229_2	Uecc|Chr3-7414420-7415229-810	GTGCTTGTGTGCATCCATCC	TCGGGCTTTAATGGGTTGGG	436	True	True	1
Chr3:7414420-7415229_3	Uecc|Chr3-7414420-7415229-810	TAACCCATCCCACCAGGTCC	TACTGTAACCAGAAGCGGGC	496	True	True	1
Chr3:7414420-7415229_4	Uecc|Chr3-7414420-7415229-810	TGGACCTAACCCATCCCACC	TACTGTAACCAGAAGCGGGC	502	False	True	1
Chr3:7414420-7415229_5	Uecc|Chr3-7414420-7415229-810	ACCTAACCCATCCCACCAGG	TACTGTAACCAGAAGCGGGC	499	True	True	1
Chr4:23949835-23950335_1	Uecc|Chr4-23949835-23950335-501	TTGTCCTTTCAGGGCCATGG	CTAATGAACTTGCCACCCGC	488	False	False	1
Chr4:23949835-23950335_2	Uecc|Chr4-23949835-23950335-501	TTGTCCTTTCAGGGCCATGG	GCTAATGAACTTGCCACCCG	489	False	False	1
Chr4:23949835-23950335_3	Uecc|Chr4-23949835-23950335-501	TCATCCCTTCGCTGTACTGC	GTACATTCAGCGGTGGATGC	485	False	False	1
Chr4:23949835-23950335_4	Uecc|Chr4-23949835-23950335-501	TTGTCCTTTCAGGGCCATGG	GTCTGTCCACTCTTGGGAGG	468	False	False	1
Chr4:23949835-23950335_5	Uecc|Chr4-23949835-23950335-501	TCATCCCTTCGCTGTACTGC	TTCCAAGGCACATATCCGCG	565	False	False	1
Chr10:12866838-12867242_1	Uecc|Chr10-12866838-12867242-405	CTACTTCGGCAACATGGTGC	TTGCCGAAGTAGTCCATGGG	416	False	False	1
Chr10:12866838-12867242_2	Uecc|Chr10-12866838-12867242-405	GTGGAAGAAGATCACGGCGG	TTGCCGAAGTAGTCCATGGG	521	False	False	1
Chr10:12866838-12867242_3	Uecc|Chr10-12866838-12867242-405	TGGAAGAAGATCACGGCGG	TTGCCGAAGTAGTCCATGGG	520	False	False	1
Chr10:12866838-12867242_4	Uecc|Chr10-12866838-12867242-405	CGTGGAAGAAGATCACGGCG	TTGCCGAAGTAGTCCATGGG	522	False	False	1
Chr10:12866838-12867242_5	Uecc|Chr10-12866838-12867242-405	GTGCCCATGGACTACTTCGG	ACCATGTTGCCGAAGTAGTCC	433	False	False	1
Chr1:2423477-2424135_1	Uecc|Chr1-2423477-2424135-659	GGAAGGAAGGTGGGAAGTGG	CAGCATCATGTTGCATCCCG	584	True	True	1
Chr1:2423477-2424135_2	Uecc|Chr1-2423477-2424135-659	ATCTCCACTGTGCTATCGCG	GAGATCTCCATGGCCGTAGC	564	False	False	1
Chr1:2423477-2424135_3	Uecc|Chr1-2423477-2424135-659	ATCTCCACTGTGCTATCGCG	GAGTCGCGAGATCTCCATGG	571	False	True	1
Chr1:2423477-2424135_4	Uecc|Chr1-2423477-2424135-659	GGAAGGAAGGTGGGAAGTGG	ATAGAGAAGGGAGCCAGGGG	495	True	True	1
Chr1:2423477-2424135_5	Uecc|Chr1-2423477-2424135-659	GGAAGGAAGGTGGGAAGTGG	GACGAACCATGTTTCCGTGC	535	True	True	1
Chr6:23736513-23737589_1	Uecc|Chr6-23736513-23737589-1077	CAAGCTTCGGATGTGCATCG	CGTTGTAGGGCAGACTGAGG	484	False	False	1
Chr6:23736513-23737589_2	Uecc|Chr6-23736513-23737589-1077	CAAGCTTCGGATGTGCATCG	CCGGCATCTTCATCTGGAGG	559	False	False	1
Chr6:23736513-23737589_3	Uecc|Chr6-23736513-23737589-1077	TTTTGAGAACCTCCGCTCCG	TTGCCATCCAGAAGACCACC	425	False	False	1
Chr6:23736513-23737589_4	Uecc|Chr6-23736513-23737589-1077	CAAGCTTCGGATGTGCATCG	TCTGGAGGTAGGCGTAGTGG	547	False	False	1
Chr6:23736513-23737589_5	Uecc|Chr6-23736513-23737589-1077	CTCCAGATGAAGATGCCGGG	AAGGTCGGTGTAGTCGATGC	570	False	False	1
Chr3:30577637-30579162_1	Uecc|Chr3-30577637-30579162-1526	ATGACCTCGCGGATGAATCC	CCTCAGTCTGCCCTACAACG	564	False	False	1
Chr3:30577637-30579162_2	Uecc|Chr3-30577637-30579162-1526	ATGACCTCGCGGATGAATCC	CGTTGGTGAAGTTCATGGCG	526	False	False	1
Chr3:30577637-30579162_3	Uecc|Chr3-30577637-30579162-1526	ATGACCTCGCGGATGAATCC	CGCGTTGGTGAAGTTCATGG	528	False	False	1
Chr3:30577637-30579162_4	Uecc|Chr3-30577637-30579162-1526	CGTTGTAGGGCAGACTGAGG	GACGGCGATGATGACCTAGG	499	False	False	1
Chr3:30577637-30579162_5	Uecc|Chr3-30577637-30579162-1526	GTCGATATGACCTAGCGGCC	GACGGCGATGATGACCTAGG	414	False	False	1
Chr4:9205124-9206105_1	Uecc|Chr4-9205124-9206105-982	CCCTGGTATGCAAGCTAGGG	TTAGGTGGGCTTGCCTAACG	564	False	True	1
Chr4:9205124-9206105_2	Uecc|Chr4-9205124-9206105-982	ACAAGTGGGCTGATACGTGG	CCCTAGCTTGCATACCAGGG	431	True	False	1
Chr4:9205124-9206105_3	Uecc|Chr4-9205124-9206105-982	ACAAGTGGGCTGATACGTGG	CCCTAGCTTGCATACCAGGG	431	True	False	1
Chr4:9205124-9206105_4	Uecc|Chr4-9205124-9206105-982	CTGATACGTGGAGGGTGTCG	CCCTAGCTTGCATACCAGGG	422	True	False	1
Chr4:9205124-9206105_5	Uecc|Chr4-9205124-9206105-982	CTGATACGTGGAGGGTGTCG	CCCTAGCTTGCATACCAGGG	422	True	False	1
Chr9:6994-8185_1	Uecc|Chr9-6994-8185-1192	GAAGGCACGAAGGGAAAACG	CAGCTCGCACACAGTTTTCG	516	False	False	1
Chr9:6994-8185_2	Uecc|Chr9-6994-8185-1192	TAGTAGGGGTGAGCGGATGG	GTACGTGCTCAGGACCTTGG	552	False	False	1
Chr9:6994-8185_3	Uecc|Chr9-6994-8185-1192	CCGAAAACTGTGTGCGAGC	GGCTGGATCTCAGTGGATCG	579	False	False	1
Chr9:6994-8185_4	Uecc|Chr9-6994-8185-1192	GCCTATAGTAGGGGTGAGCG	GTACGTGCTCAGGACCTTGG	557	False	False	1
Chr9:6994-8185_5	Uecc|Chr9-6994-8185-1192	CGATCCACTGAGATCCAGCC	CCCTACTATAGTCGTGGGCC	457	False	False	1
Chr3:34798990-34799590_1	Uecc|Chr3-34798990-34799590-601	TGCTTTCTCTTCCCTTGGGC	ACTTCCTCCCCATCTCCTCC	593	True	False	1
Chr3:34798990-34799590_2	Uecc|Chr3-34798990-34799590-601	TGCTTTCTCTTCCCTTGGGC	AGGAAGAAGAAACGGCTCCG	497	True	True	1
Chr3:34798990-34799590_3	Uecc|Chr3-34798990-34799590-601	TGATGGTCAGGATGTTGGCG	ACTTCCTCCCCATCTCCTCC	427	False	False	1
Chr3:34798990-34799590_4	Uecc|Chr3-34798990-34799590-601	TGAGATTCAGCACCCGTTGG	ATCCTGACCATCATGCAGGC	532	False	False	1
Chr3:34798990-34799590_5	Uecc|Chr3-34798990-34799590-601	ATTATGGAATGGCGGGAGGG	ATCCTGACCATCATGCAGGC	509	False	False	1
Chr1:38498448-38498688	Uecc|Chr1-38498448-38498688-241			0	False	False	1
Chr10:9843541-9844533_1	Uecc|Chr10-9843541-9844533-993	CGTAGTACGGGTGATCGTCG	GTGGTTCCAGAAGAATGCGC	545	True	True	1
Chr10:9843541-9844533_2	Uecc|Chr10-9843541-9844533-993	ATCTTGATGAGCTTCCGGGC	CGACGATCACCCGTACTACG	411	True	True	1
Chr10:9843541-9844533_3	Uecc|Chr10-9843541-9844533-993	GAGGACATAGAAGCCCTCGC	GATCTCGTTGCTGCTCATGC	518	True	True	1
Chr10:9843541-9844533_4	Uecc|Chr10-9843541-9844533-993	GGTCCTCCTTGTTGGTGAGG	GATCTCGTTGCTGCTCATGC	534	True	True	1
Chr10:9843541-9844533_5	Uecc|Chr10-9843541-9844533-993	TCGACTGGCTGGACATTACG	GTGGTTCCAGAAGAATGCGC	572	True	True	1
Chr9:14968727-14969733_1	Uecc|Chr9-14968727-14969733-1007	AAGAAATGACACCCGACCCC	ACATCCTCAAGAAGCACGGG	525	True	True	1
Chr9:14968727-14969733_2	Uecc|Chr9-14968727-14969733-1007	AAGAAATGACACCCGACCCC	TTTCTTCCTCGTCTACGGCG	428	True	False	1
Chr9:14968727-14969733_3	Uecc|Chr9-14968727-14969733-1007	TGAACTGGGTGCCGTTATCC	GGTCCGTATCGAGTGATCGG	482	False	False	1
Chr9:14968727-14969733_4	Uecc|Chr9-14968727-14969733-1007	TGAACTGGGTGCCGTTATCC	GGGTCCGTATCGAGTGATCG	483	False	False	1
Chr9:14968727-14969733_5	Uecc|Chr9-14968727-14969733-1007	TGAACTGGGTGCCGTTATCC	GGTCCGTATCGAGTGATCGG	482	False	False	1
Chr7:28429101-28430589_1	Uecc|Chr7-28429101-28430589-1489	TTTCAATCCTCTCCGGTGGC	TACCTCTCTCCCTTCTCCGC	412	True	True	1
Chr7:28429101-28430589_2	Uecc|Chr7-28429101-28430589-1489	AGAACATGTGCCGCTACTCC	CCTTTGTCTCCTCTGCTCGG	510	True	True	1
Chr7:28429101-28430589_3	Uecc|Chr7-28429101-28430589-1489	GATGCCAAGAACATGTGCCG	CCTTTGTCTCCTCTGCTCGG	517	True	True	1
Chr7:28429101-28430589_4	Uecc|Chr7-28429101-28430589-1489	CGATGCCAAGAACATGTGCC	CCTTTGTCTCCTCTGCTCGG	518	True	True	1
Chr7:28429101-28430589_5	Uecc|Chr7-28429101-28430589-1489	GTCATCCTCCATGTCTGGCC	CATGAGGAGGAACACGAGGG	440	False	False	1
Chr10:17832668-17833505_1	Uecc|Chr10-17832668-17833505-838	GCTAAGGCTCTCCTGGAAGC	TCTGGTCTACAAGCTGCAGC	479	False	False	1
Chr10:17832668-17833505_2	Uecc|Chr10-17832668-17833505-838	GCTAAGGCTCTCCTGGAAGC	GTCATCGTGTCCATCTCCCC	417	False	True	1
Chr10:17832668-17833505_3	Uecc|Chr10-17832668-17833505-838	GGAGGAATGGGGAAATCGGG	TCATCGGCACTGTCATCACC	581	True	False	1
Chr10:17832668-17833505_4	Uecc|Chr10-17832668-17833505-838	GGGAGGAATGGGGAAATCGG	TCATCGGCACTGTCATCACC	582	True	False	1
Chr10:17832668-17833505_5	Uecc|Chr10-17832668-17833505-838	GGGGAGGAATGGGGAAATCG	TCATCGGCACTGTCATCACC	583	True	False	1
Chr5:28689901-28691039_1	Uecc|Chr5-28689901-28691039-1139	CAGTCATAAACGCCGCTTCG	CTTGGATCTTGCACGTTGCC	514	False	False	1
Chr5:28689901-28691039_2	Uecc|Chr5-28689901-28691039-1139	CAGTCATAAACGCCGCTTCG	CCTTGGATCTTGCACGTTGC	515	False	False	1
Chr5:28689901-28691039_3	Uecc|Chr5-28689901-28691039-1139	GTTCAAGTTGCCGAACCACC	TTGAACTGGGGTGGGATTGG	588	False	False	1
Chr5:28689901-28691039_4	Uecc|Chr5-28689901-28691039-1139	CAGTCATAAACGCCGCTTCG	AATGTTTCGCCATTGCTCCG	485	False	True	1
Chr5:28689901-28691039_5	Uecc|Chr5-28689901-28691039-1139	CAGCAAGCATCACCAATCGG	AGATGCTGCTACGTCTTCGG	436	False	False	1
Chr3:2438639-2439148_1	Uecc|Chr3-2438639-2439148-510	CTGGAATGGATCTGACCGGG	TCAGCACAGGTATGGCAAGG	506	False	True	1
Chr3:2438639-2439148_2	Uecc|Chr3-2438639-2439148-510	CCTGGAATGGATCTGACCGG	TCAGCACAGGTATGGCAAGG	507	False	True	1
Chr3:2438639-2439148_3	Uecc|Chr3-2438639-2439148-510	AGCGACTTCCTTGCCATACC	TCAGCACAGGTATGGCAAGG	537	False	True	1
Chr3:2438639-2439148_4	Uecc|Chr3-2438639-2439148-510	AGCGACTTCCTTGCCATACC	GTCCCGGTCAGATCCATTCC	562	False	False	1
Chr3:2438639-2439148_5	Uecc|Chr3-2438639-2439148-510	CTGGAATGGATCTGACCGGG	AGGTATGGCAAGGAAGTCGC	499	False	False	1
Chr8:2250468-2251579_1	Uecc|Chr8-2250468-2251579-1112	TGGTGTCAAATAGGCTGGGC	CTCAACCTCCTCCTATCGGC	600	True	False	1
Chr8:2250468-2251579_2	Uecc|Chr8-2250468-2251579-1112	TGGTGTCAAATAGGCTGGGC	ACCTCCTCCTATCGGCTTCG	596	True	False	1
Chr8:2250468-2251579_3	Uecc|Chr8-2250468-2251579-1112	GGTACATCGCGGAATCGACC	TGCCCAGCCTATTTGACACC	404	True	True	1
Chr8:2250468-2251579_4	Uecc|Chr8-2250468-2251579-1112	GGTACATCGCGGAATCGACC	CAGCCTATTTGACACCACGC	400	True	True	1
Chr8:2250468-2251579_5	Uecc|Chr8-2250468-2251579-1112	GATAGGAGGAGGTTGAGCAGC	TGCCCAGCCTATTTGACACC	549	False	True	1
Chr1:25525339-25526089_1	Uecc|Chr1-25525339-25526089-751	CTACCTTCTCTTAGGCCGCG	TCACCTCGTCAAACTCTCGC	532	True	True	1
Chr1:25525339-25526089_2	Uecc|Chr1-25525339-25526089-751	CTACCTTCTCTTAGGCCGCG	GTCAAACTCTCGCCTCTCCC	525	True	True	1
Chr1:25525339-25526089_3	Uecc|Chr1-25525339-25526089-751	ATCATCACCTCGTGTCTGCC	TCACCTCGTCAAACTCTCGC	429	True	True	1
Chr1:25525339-25526089_4	Uecc|Chr1-25525339-25526089-751	CTACCTTCTCTTAGGCCGCG	TGGAGCACTTCAACGACTGG	428	True	True	1
Chr1:25525339-25526089_5	Uecc|Chr1-25525339-25526089-751	ATCATCACCTCGTGTCTGCC	GTCAAACTCTCGCCTCTCCC	422	True	True	1
Chr9:18818766-18819700_1	Uecc|Chr9-18818766-18819700-935	TCAGAGAAAGGAGGGAGGGG	GCTAACACGAGGAGGGATGG	439	True	True	1
Chr9:18818766-18819700_2	Uecc|Chr9-18818766-18819700-935	CGGTGCTCAGAGAAAGGAGG	GCTAACACGAGGAGGGATGG	445	True	True	1
Chr9:18818766-18819700_3	Uecc|Chr9-18818766-18819700-935	CTCCGGTGCTCAGAGAAAGG	GCTAACACGAGGAGGGATGG	448	True	True	1
Chr9:18818766-18819700_4	Uecc|Chr9-18818766-18819700-935	CCATCCCTCCTCGTGTTAGC	CTCCTTTCTCTGAGCACCGG	528	True	True	1
Chr9:18818766-18819700_5	Uecc|Chr9-18818766-18819700-935	CCATCCCTCCTCGTGTTAGC	CCTCCTTTCTCTGAGCACCG	529	True	True	1
Chr7:20007120-20007651_1	Uecc|Chr7-20007120-20007651-532	CGTTTTCATCCCGACATCGC	CTCAGCGATTATGCAGCAGC	446	True	True	1
Chr7:20007120-20007651_2	Uecc|Chr7-20007120-20007651-532	CGTTTTCATCCCGACATCGC	AAAACGACATCCTCGAGGGG	537	True	True	1
Chr7:20007120-20007651_3	Uecc|Chr7-20007120-20007651-532	ACAAGCAGATCTCGCACTCC	TGGATAGTGGAGCAACACGG	408	True	True	1
Chr7:20007120-20007651_4	Uecc|Chr7-20007120-20007651-532	ACAAGCAGATCTCGCACTCC	TGGATAGTGGAGCAACACGG	408	True	True	1
Chr7:20007120-20007651_5	Uecc|Chr7-20007120-20007651-532	ACAAGCAGATCTCGCACTCC	GAGCTGATCTGGCTTCCTCG	466	True	False	1
Chr3:8955746-8956652_1	Uecc|Chr3-8955746-8956652-907	CGATTCAAACTCAACCCGCC	ATGGATGACTGGAACTGCCG	510	True	True	1
Chr3:8955746-8956652_2	Uecc|Chr3-8955746-8956652-907	GGCGATTCAAACTCAACCCG	ATGGATGACTGGAACTGCCG	512	True	True	1
Chr3:8955746-8956652_3	Uecc|Chr3-8955746-8956652-907	CGGCGATTCAAACTCAACCC	ATGGATGACTGGAACTGCCG	513	True	True	1
Chr3:8955746-8956652_4	Uecc|Chr3-8955746-8956652-907	CCGGCGATTCAAACTCAACC	ATGGATGACTGGAACTGCCG	514	True	True	1
Chr3:8955746-8956652_5	Uecc|Chr3-8955746-8956652-907	AGGGAGCATCTAATTCGGCG	TTACGCTGGTGGTTCCATGG	559	True	True	1
Chr7:18716326-18718016_1	Uecc|Chr7-18716326-18718016-1691	AGCACCGTAGATACATGCCG	GCGGAACAAGACCAAACACC	412	True	True	1
Chr7:18716326-18718016_2	Uecc|Chr7-18716326-18718016-1691	CGGCCCGTAATATTTTGGCG	TCGGCATGTATCTACGGTGC	404	True	True	1
Chr7:18716326-18718016_3	Uecc|Chr7-18716326-18718016-1691	GGTGTTTGGTCTTGTTCCGC	ATTTCTCCTGGATCAGCGCC	494	True	False	1
Chr7:18716326-18718016_4	Uecc|Chr7-18716326-18718016-1691	GATCAGTTCCCGCTCGTAGG	ACTACGACGACAAGCATCGG	469	False	False	1
Chr7:18716326-18718016_5	Uecc|Chr7-18716326-18718016-1691	GATCAGTTCCCGCTCGTAGG	ACTACGACGACAAGCATCGG	469	False	False	1
Chr2:13065191-13066115_1	Uecc|Chr2-13065191-13066115-925	CTTCTTCAGTGAGGGAGGCC	AAAGCGGTTTGAGAGGGAGG	587	False	True	1
Chr2:13065191-13066115_2	Uecc|Chr2-13065191-13066115-925	TCTCCAAGAATCGCCACAGG	CTTCTTCAGTGAGGGAGGCC	457	False	False	1
Chr2:13065191-13066115_3	Uecc|Chr2-13065191-13066115-925	GACTAGGATGCCACGTCACC	GCTTGTCGACGAAGAGGAGG	501	False	False	1
Chr2:13065191-13066115_4	Uecc|Chr2-13065191-13066115-925	GACTAGGATGCCACGTCACC	GAGGCTTGTCGACGAAGAGG	504	False	False	1
Chr2:13065191-13066115_5	Uecc|Chr2-13065191-13066115-925	CTTCTTCAGTGAGGGAGGCC	GAGCAAAGCGGTTTGAGAGG	591	False	True	1
Chr11:176522-177504_1	Uecc|Chr11-176522-177504-983	GACACGGAAGAAGGGGATGG	CGGGAGAGGAGTTGATGACG	552	True	True	1
Chr11:176522-177504_2	Uecc|Chr11-176522-177504-983	GACACGGAAGAAGGGGATGG	CGACTGCTCCTTCATCCTCC	410	True	True	1
Chr11:176522-177504_3	Uecc|Chr11-176522-177504-983	TTAGGTGGTTTTGACCCCGG	CGACTGCTCCTTCATCCTCC	595	False	True	1
Chr11:176522-177504_4	Uecc|Chr11-176522-177504-983	TTAGGTGGTTTTGACCCCGG	CGATGCTTGCGTACTATGCG	539	False	True	1
Chr11:176522-177504_5	Uecc|Chr11-176522-177504-983	AGATCTCGTTCATGCCGACC	TCTTGACATATGGGGCCACG	402	True	True	1
Chr4:16614676-16615047_1	Uecc|Chr4-16614676-16615047-372	CGGCTGATGGATTTGCTTGG	TCTCAATGATGCGGTCGACC	444	False	False	1
Chr4:16614676-16615047_2	Uecc|Chr4-16614676-16615047-372	CGGCTGATGGATTTGCTTGG	TCCTGAAGTGCATTCCTCGG	577	False	False	1
Chr4:16614676-16615047_3	Uecc|Chr4-16614676-16615047-372	CGGCTGATGGATTTGCTTGG	ACGGAATCCTCCTGAAGTGC	586	False	False	1
Chr4:16614676-16615047_4	Uecc|Chr4-16614676-16615047-372	GGCTGATGGATTTGCTTGGC	TCTCAATGATGCGGTCGACC	443	False	False	1
Chr4:16614676-16615047_5	Uecc|Chr4-16614676-16615047-372	GATGGATTTGCTTGGCGTGG	TCTCAATGATGCGGTCGACC	439	False	False	1
Chr4:2084149-2085985_1	Uecc|Chr4-2084149-2085985-1837	TCTCGCCAACTGCATACTCG	AGTGCTCTCCGGAGTTTTGG	557	True	True	1
Chr4:2084149-2085985_2	Uecc|Chr4-2084149-2085985-1837	CTGTAGAGTCACGTGGCTGG	GAAAGGGGACGAACTCTCCG	596	False	True	1
Chr4:2084149-2085985_3	Uecc|Chr4-2084149-2085985-1837	CACTTAGGGCGCGAAAATCG	ATCCTCCGGCATGATCTTGC	539	True	False	1
Chr4:2084149-2085985_4	Uecc|Chr4-2084149-2085985-1837	CACTTAGGGCGCGAAAATCG	AGCTTGGTGTATGGAGCAGG	421	True	True	1
Chr4:2084149-2085985_5	Uecc|Chr4-2084149-2085985-1837	TGCTCCATACACCAAGCTCC	AGTGCTCTCCGGAGTTTTGG	495	True	True	1
Chr1:43550109-43550508_1	Uecc|Chr1-43550109-43550508-400	CCGAGAAGTACGATGGGAGC	AGGTTCATTAGCCAACCCCG	547	False	False	1
Chr1:43550109-43550508_2	Uecc|Chr1-43550109-43550508-400	CCGAGAAGTACGATGGGAGC	GCCATGGGAAAGAAGTTCGC	511	False	False	1
Chr1:43550109-43550508_3	Uecc|Chr1-43550109-43550508-400	GCGAACTTCTTTCCCATGGC	AGGTTCATTAGCCAACCCCG	455	False	False	1
Chr1:43550109-43550508_4	Uecc|Chr1-43550109-43550508-400	TCAGCGGTTCTGTCAAGTCC	TGCAGGGATGCATGGTATGG	445	False	False	1
Chr1:43550109-43550508_5	Uecc|Chr1-43550109-43550508-400	GCGAACTTCTTTCCCATGGC	CATGCAAGTCCGCTTCTTCG	556	False	False	1
Chr10:12875188-12877471_1	Uecc|Chr10-12875188-12877471-2284	CCGTTCCTGCACGATTTTCG	ACCAGGCTATGTTCGTCTGC	596	False	True	1
Chr10:12875188-12877471_2	Uecc|Chr10-12875188-12877471-2284	GACGCATAATCCGCATGAGC	CGAAAATCGTGCAGGAACGG	491	False	False	1
Chr10:12875188-12877471_3	Uecc|Chr10-12875188-12877471-2284	TGGCTTTAAGGTGACGCTCC	ATGAGCAGTAGAGCGACACG	575	True	True	1
Chr10:12875188-12877471_4	Uecc|Chr10-12875188-12877471-2284	GCGTATCAGCTTGTCGTTGC	CGAAAATCGTGCAGGAACGG	526	False	False	1
Chr10:12875188-12877471_5	Uecc|Chr10-12875188-12877471-2284	GTAGAAAGCACCGGAGTGGG	TACTCGATTAACGCCCAGGC	428	False	True	1
Chr9:10597885-10598715_1	Uecc|Chr9-10597885-10598715-831	GATGCATGGTGTCGTTGAGC	TCCTCTCTCTCTCACAGGGC	472	True	True	1
Chr9:10597885-10598715_2	Uecc|Chr9-10597885-10598715-831	AGAGAAAAGGGGCAATCCGG	GTAGCTAGGAGGCAAGCAGC	594	True	True	1
Chr9:10597885-10598715_3	Uecc|Chr9-10597885-10598715-831	GATGCATGGTGTCGTTGAGC	TCCCCTTCCTGTTGACTTCG	584	True	True	1
Chr9:10597885-10598715_4	Uecc|Chr9-10597885-10598715-831	AGAGAAAAGGGGCAATCCGG	TTCTTCAAGTGGGAGTGGGG	492	True	True	1
Chr9:10597885-10598715_5	Uecc|Chr9-10597885-10598715-831	AGAGAGGAAGAGGGGAAGGG	TGTCCTTCACATCGGGATGG	499	False	True	1
Chr8:18674909-18675870_1	Uecc|Chr8-18674909-18675870-962	ATTTCCATCCCAGTCCGTCG	TTGTCGACGAGTTCCATGGG	470	False	True	1
Chr8:18674909-18675870_2	Uecc|Chr8-18674909-18675870-962	CGGCCCATTCATCTTGAAGC	TTGTCGACGAGTTCCATGGG	511	False	True	1
Chr8:18674909-18675870_3	Uecc|Chr8-18674909-18675870-962	ACAAGCATCCCTCGTCAAGC	TTGTCGACGAGTTCCATGGG	425	False	True	1
Chr8:18674909-18675870_4	Uecc|Chr8-18674909-18675870-962	GTCATTCTCTGTCGTCGGCC	TTGTCGACGAGTTCCATGGG	526	True	True	1
Chr8:18674909-18675870_5	Uecc|Chr8-18674909-18675870-962	ATTTCCATCCCAGTCCGTCG	CAGCATCAGCAGCACAAAGC	418	False	False	1
Chr4:32822481-32823728_1	Uecc|Chr4-32822481-32823728-1248	TTTTCTTCAGCTCCGCCTCC	CGGGACCCCAATTTCTCTCC	423	False	False	1
Chr4:32822481-32823728_2	Uecc|Chr4-32822481-32823728-1248	CTTCAGTCTCCGTTACCCGC	CTCCTCATCTTCTGTCGCCC	437	False	False	1
Chr4:32822481-32823728_3	Uecc|Chr4-32822481-32823728-1248	GCTTCAGTCTCCGTTACCCG	CTCCTCATCTTCTGTCGCCC	438	False	False	1
Chr4:32822481-32823728_4	Uecc|Chr4-32822481-32823728-1248	CGCTTCAGTCTCCGTTACCC	CTCCTCATCTTCTGTCGCCC	439	False	False	1
Chr4:32822481-32823728_5	Uecc|Chr4-32822481-32823728-1248	CCGCTTCAGTCTCCGTTACC	CTCCTCATCTTCTGTCGCCC	440	False	False	1
Chr3:31533641-31533884_1	Uecc|Chr3-31533641-31533884-244	TCCTTCAGATCTACACCACGG	TTCGTGACGAACTGCTGGC	409	True	False	1
Chr3:31533641-31533884_2	Uecc|Chr3-31533641-31533884-244	TCCTTCAGATCTACACCACGG	GATATGTGCCCTGGAAGTTCG	426	True	False	1
Chr3:31533641-31533884_3	Uecc|Chr3-31533641-31533884-244	TTCCTTCAGATCTACACCACGG	TTCGTGACGAACTGCTGGC	410	True	False	1
Chr3:31533641-31533884_4	Uecc|Chr3-31533641-31533884-244	TTCCTTCAGATCTACACCACGG	GATATGTGCCCTGGAAGTTCG	427	True	False	1
Chr3:31533641-31533884_5	Uecc|Chr3-31533641-31533884-244	CCGAGTTCCTTCAGATCTACACC	TTCGTGACGAACTGCTGGC	415	True	False	1
Chr1:37502350-37503168_1	Uecc|Chr1-37502350-37503168-819	CTACCGCATGAGCATGTTGC	TCACCTCTTCTCTCCCTCCG	538	True	True	1
Chr1:37502350-37503168_2	Uecc|Chr1-37502350-37503168-819	CTACCGCATGAGCATGTTGC	GTAGGGTGACATGTCGGTGG	442	True	True	1
Chr1:37502350-37503168_3	Uecc|Chr1-37502350-37503168-819	GTTGTCATCATCATCGCCGC	GTAGGGTGACATGTCGGTGG	535	True	True	1
Chr1:37502350-37503168_4	Uecc|Chr1-37502350-37503168-819	CCGTCACTGAGACCTACTGC	TCACCTCTTCTCTCCCTCCG	519	True	True	1
Chr1:37502350-37503168_5	Uecc|Chr1-37502350-37503168-819	CCGTCACTGAGACCTACTGC	TCACCTCTTCTCTCCCTCCG	519	True	True	1
Chr8:16672878-16673570_1	Uecc|Chr8-16672878-16673570-693	CCACCTGAAGATAGGCGACC	TGCCTGACGAAAGAGGAACC	484	True	True	1
Chr8:16672878-16673570_2	Uecc|Chr8-16672878-16673570-693	CCACCTGAAGATAGGCGACC	ACACAGAGCAGAACATGGGG	546	True	True	1
Chr8:16672878-16673570_3	Uecc|Chr8-16672878-16673570-693	TGGAGGGGTAAGTGCAAACG	ACACAGAGCAGAACATGGGG	461	True	True	1
Chr8:16672878-16673570_4	Uecc|Chr8-16672878-16673570-693	TCCTCTTTCGTCAGGCATCG	TAGTTGCTCGATCGCTGTCG	566	True	True	1
Chr8:16672878-16673570_5	Uecc|Chr8-16672878-16673570-693	TCCTCTTTCGTCAGGCATCG	ATTATACAGGTTCGGGCCGC	525	True	False	1
Chr11:7889476-7890010_1	Uecc|Chr11-7889476-7890010-535	GTCGGTGACATGGGATCAGG	GTGACGCCACTCCTAAGACC	478	False	False	1
Chr11:7889476-7890010_2	Uecc|Chr11-7889476-7890010-535	GTCACAGACCGGTCAGATCG	TGCTCACCTAACCCATACGC	436	False	False	1
Chr11:7889476-7890010_3	Uecc|Chr11-7889476-7890010-535	GTTAGGTGAGCACAGTGGGG	GACTAAGAGGAGGGCGAACG	450	False	False	1
Chr11:7889476-7890010_4	Uecc|Chr11-7889476-7890010-535	GGTTAGGTGAGCACAGTGGG	GACTAAGAGGAGGGCGAACG	451	False	False	1
Chr11:7889476-7890010_5	Uecc|Chr11-7889476-7890010-535	GGGTTAGGTGAGCACAGTGG	GACTAAGAGGAGGGCGAACG	452	False	False	1
Chr2:4820462-4821208_1	Uecc|Chr2-4820462-4821208-747	GTGTGGCCTAAACCCTACCC	CGATCGACATCGTGGAGAGG	445	True	False	1
Chr2:4820462-4821208_2	Uecc|Chr2-4820462-4821208-747	GACCAACTACGTCGAGTGGG	CGATCGACATCGTGGAGAGG	418	False	False	1
Chr2:4820462-4821208_3	Uecc|Chr2-4820462-4821208-747	GATAGGTCGCCTCAAGGTCG	CAGAGTGTTGAGACGGAGGG	597	False	True	1
Chr2:4820462-4821208_4	Uecc|Chr2-4820462-4821208-747	CTACGACGAGGATCAACGGG	TGTCGAGGAAGAGGACTCCC	483	True	False	1
Chr2:4820462-4821208_5	Uecc|Chr2-4820462-4821208-747	GATAGGTCGCCTCAAGGTCG	CAGGTTCTCCCACTCCTTGC	543	False	False	1
Chr2:7740287-7741108_1	Uecc|Chr2-7740287-7741108-822	TTCGTAGTTGAGCCCCTTGG	CCCCTCTCCTGATTCGTTCG	589	True	True	1
Chr2:7740287-7741108_2	Uecc|Chr2-7740287-7741108-822	ACGTTTATCGCGAGTGGAGG	GTAGCGTGGGTTTTGGTTGG	400	True	True	1
Chr2:7740287-7741108_3	Uecc|Chr2-7740287-7741108-822	ACGTTTATCGCGAGTGGAGG	GTAGCGTGGGTTTTGGTTGG	400	True	True	1
Chr2:7740287-7741108_4	Uecc|Chr2-7740287-7741108-822	CACCTTCGTAGTTGAGCCCC	CCCCTCTCCTGATTCGTTCG	593	True	True	1
Chr2:7740287-7741108_5	Uecc|Chr2-7740287-7741108-822	ACGTTTATCGCGAGTGGAGG	TCAACTACGAAGGTGCGTGG	425	True	True	1
Chr8:22266775-22267260_1	Uecc|Chr8-22266775-22267260-486	GTGTCACGTCGCATGTAACG	TCACCTAACCCATACACGCG	439	False	False	1
Chr8:22266775-22267260_2	Uecc|Chr8-22266775-22267260-486	CTCCGCGTGTATGGGTTAGG	GACTAAGAGGAGGGCGAACG	413	False	False	1
Chr8:22266775-22267260_3	Uecc|Chr8-22266775-22267260-486	GAGCTAGCGTGTTACCTCCC	TGGTTAGGATGAAGCCTGGC	557	False	False	1
Chr8:22266775-22267260_4	Uecc|Chr8-22266775-22267260-486	GGAGCTAGCGTGTTACCTCC	TGGTTAGGATGAAGCCTGGC	558	False	False	1
Chr8:22266775-22267260_5	Uecc|Chr8-22266775-22267260-486	GTGTCACGTCGCATGTAACG	CCACTGTGCTCACCTAACCC	448	False	False	1
Chr7:20138747-20139392_1	Uecc|Chr7-20138747-20139392-646	ATCATCGTGATGTCCTCCGC	TTCTGGATGGGGAAGTTGGC	476	True	False	1
Chr7:20138747-20139392_2	Uecc|Chr7-20138747-20139392-646	ATCATCGTGATGTCCTCCGC	CGAAGATCTGCGGGATGAGG	448	True	False	1
Chr7:20138747-20139392_3	Uecc|Chr7-20138747-20139392-646	GCCTCATGGTATCCATCCCG	TCAGCATGTACACCACCACG	540	True	True	1
Chr7:20138747-20139392_4	Uecc|Chr7-20138747-20139392-646	CGGCCTCATGGTATCCATCC	TCAGCATGTACACCACCACG	542	True	True	1
Chr7:20138747-20139392_5	Uecc|Chr7-20138747-20139392-646	CATCCAGGTCTTCGCCTACG	TCAGCATGTACACCACCACG	560	False	True	1
Chr7:3049278-3049433	Uecc|Chr7-3049278-3049433-156			0	False	False	1
Chr3:2840336-2840784_1	Uecc|Chr3-2840336-2840784-449	GTCACAGACCGGTCAGATCG	AGCTCTCATCATTCCGACGG	533	False	False	1
Chr3:2840336-2840784_2	Uecc|Chr3-2840336-2840784-449	GTCACAGACCGGTCAGATCG	CCTAATCCGCGATCTGACCG	477	False	False	1
Chr3:2840336-2840784_3	Uecc|Chr3-2840336-2840784-449	CGGTCAGATCGCGGATTAGG	AGCTCTCATCATTCCGACGG	524	False	False	1
Chr3:2840336-2840784_4	Uecc|Chr3-2840336-2840784-449	GTCACAGACCGGTCAGATCG	GCTCTCATCATTCCGACGGG	532	False	False	1
Chr3:2840336-2840784_5	Uecc|Chr3-2840336-2840784-449	TCCTGGCTCTCGTCTCTAGC	AGCTCTCATCATTCCGACGG	448	False	False	1
Chr11:1144198-1144539_1	Uecc|Chr11-1144198-1144539-342	GGACGATGTGGCCAAATTGG	AGGAGTCGACGAAGGAGTGG	516	False	False	1
Chr11:1144198-1144539_2	Uecc|Chr11-1144198-1144539-342	GGACGATGTGGCCAAATTGG	AGATCTTCCCGGGTCGAAGG	533	False	False	1
Chr11:1144198-1144539_3	Uecc|Chr11-1144198-1144539-342	GGACGATGTGGCCAAATTGG	GTAGCACGTTGGTCATTACGC	593	False	False	1
Chr11:1144198-1144539_4	Uecc|Chr11-1144198-1144539-342	GGACGATGTGGCCAAATTGG	GCACGTTGGTCATTACGCC	590	False	False	1
Chr11:1144198-1144539_5	Uecc|Chr11-1144198-1144539-342	GGACGATGTGGCCAAATTGG	AGCACGTTGGTCATTACGCC	591	False	False	1
Chr7:24884613-24885080_1	Uecc|Chr7-24884613-24885080-468	GGAAAACCCTAGCCCTAGCG	CTCTCTTTCTCTCTCGCCGC	582	True	True	1
Chr7:24884613-24885080_2	Uecc|Chr7-24884613-24885080-468	CTCGAGGAAGGAACCGAAGC	CGCTAGGGCTAGGGTTTTCC	428	True	True	1
Chr7:24884613-24885080_3	Uecc|Chr7-24884613-24885080-468	CTCGAGGAAGGAACCGAAGC	CTCTCTTTCTCTCTCGCCGC	523	True	True	1
Chr7:24884613-24885080_4	Uecc|Chr7-24884613-24885080-468	TTGTTGGTTTTGTGGTGGGC	TCTCTCTCTCTCATGGGCCG	536	True	True	1
Chr7:24884613-24885080_5	Uecc|Chr7-24884613-24885080-468	TTGTTGGTTTTGTGGTGGGC	CAACAAGCTTCTCATGGGCC	473	True	True	1
Chr8:8810765-8812257_1	Uecc|Chr8-8810765-8812257-1493	AGGTGGATATGCGGTTGTGG	GTGTATGGCGACTACCTCCG	592	False	False	1
Chr8:8810765-8812257_2	Uecc|Chr8-8810765-8812257-1493	GGGAGTGTAGAACCAGTCGC	TATTCCCCTTGTCTTCGCCG	600	False	False	1
Chr8:8810765-8812257_3	Uecc|Chr8-8810765-8812257-1493	AATGGTTAGGATGGAGGCGC	GCGACTGGTTCTACACTCCC	413	False	False	1
Chr8:8810765-8812257_4	Uecc|Chr8-8810765-8812257-1493	AGGTGGATATGCGGTTGTGG	AATCTCAACTCCGTGGAGGC	433	False	False	1
Chr8:8810765-8812257_5	Uecc|Chr8-8810765-8812257-1493	GGGAGAAAGAAGACGGACCG	ACCGCATATCCACCTCATGC	449	False	False	1
Chr4:25270549-25272059_1	Uecc|Chr4-25270549-25272059-1511	CGGGGATCCATGACATAGGC	TTTACGGTTGAGGGTCACGG	409	True	False	1
Chr4:25270549-25272059_2	Uecc|Chr4-25270549-25272059-1511	CTCTCCTTCACGGATCCACG	TGGTCTTCCTTCCAAGTGGC	550	True	True	1
Chr4:25270549-25272059_3	Uecc|Chr4-25270549-25272059-1511	AAGGTTTGCTGTGCTGTTGC	GCCTATGTCATGGATCCCCG	482	True	True	1
Chr4:25270549-25272059_4	Uecc|Chr4-25270549-25272059-1511	TGCTGCTTGTTTGCTTGAGC	GCCTATGTCATGGATCCCCG	519	False	True	1
Chr4:25270549-25272059_5	Uecc|Chr4-25270549-25272059-1511	TCTCTCTCTCTCCTCACGCC	AAGCAACAGCACAGCAAACC	410	False	True	1
Chr2:32048939-32049338_1	Uecc|Chr2-32048939-32049338-400	AAGATCGCCTCCAAAGAGCC	GTCCATGCCTCCTCCTTACG	482	False	False	1
Chr2:32048939-32049338_2	Uecc|Chr2-32048939-32049338-400	CAAAGAGCCCCAGACTACCG	GTCCATGCCTCCTCCTTACG	471	False	False	1
Chr2:32048939-32049338_3	Uecc|Chr2-32048939-32049338-400	GAAGAGGTCAGCCCATACCG	AAGGGAAGTGTTGTGGACGG	565	False	False	1
Chr2:32048939-32049338_4	Uecc|Chr2-32048939-32049338-400	AAGATCGCCTCCAAAGAGCC	CATGCCTCCTCCTTACGAGC	479	False	False	1
Chr2:32048939-32049338_5	Uecc|Chr2-32048939-32049338-400	CAAAGAGCCCCAGACTACCG	CATGCCTCCTCCTTACGAGC	468	False	False	1
Chr11:20688577-20689413_1	Uecc|Chr11-20688577-20689413-837	CAAGGCGATGCGAGATTTGG	TTCAAGAAGGAGTCGTCGGC	409	True	True	1
Chr11:20688577-20689413_2	Uecc|Chr11-20688577-20689413-837	CAAGGCGATGCGAGATTTGG	TTCAAGAAGGAGTCGTCGGC	409	True	True	1
Chr11:20688577-20689413_3	Uecc|Chr11-20688577-20689413-837	TCCTTCTTGAAGTCGTCGGC	TATAAATACCCCGCCCACGC	510	True	True	1
Chr11:20688577-20689413_4	Uecc|Chr11-20688577-20689413-837	AAAATCGAGTCGAGCTCCCG	TTCAAGAAGGAGTCGTCGGC	586	True	True	1
Chr11:20688577-20689413_5	Uecc|Chr11-20688577-20689413-837	TCCTTCTTGAAGTCGTCGGC	AACACCAACGGTCAGATCGG	544	True	True	1
Chr2:5181963-5182687_1	Uecc|Chr2-5181963-5182687-725	TGGTCGACCTATGGCAAACC	AAGGAGGATATCACTGCGCG	505	False	False	1
Chr2:5181963-5182687_2	Uecc|Chr2-5181963-5182687-725	CACCACTGGTCGACCTATGG	AAGGAGGATATCACTGCGCG	511	False	False	1
Chr2:5181963-5182687_3	Uecc|Chr2-5181963-5182687-725	CTCCAGCGGTCTACAAGAGC	AAGGAGGATATCACTGCGCG	597	False	False	1
Chr2:5181963-5182687_4	Uecc|Chr2-5181963-5182687-725	GAGTGACCGATCTGCATCCC	AAGGAGGATATCACTGCGCG	571	False	False	1
Chr2:5181963-5182687_5	Uecc|Chr2-5181963-5182687-725	GGAGTGACCGATCTGCATCC	AAGGAGGATATCACTGCGCG	572	False	False	1
Chr4:27427425-27428535_1	Uecc|Chr4-27427425-27428535-1111	TGGGACCCAATGACATGTGG	GAAGGGTCAAGGAAGGGTGG	453	False	True	1
Chr4:27427425-27428535_2	Uecc|Chr4-27427425-27428535-1111	ACCGAGACTGCTTGAGAACG	CAAGTAGAGGATAGCGGCGG	461	True	True	1
Chr4:27427425-27428535_3	Uecc|Chr4-27427425-27428535-1111	CTCCCTCCTCGTCAATGTCG	CAAGTAGAGGATAGCGGCGG	537	True	True	1
Chr4:27427425-27428535_4	Uecc|Chr4-27427425-27428535-1111	CACCCTTCCTTGACCCTTCC	CCATCCCCATTCAACCTCCC	456	True	True	1
Chr4:27427425-27428535_5	Uecc|Chr4-27427425-27428535-1111	CACCCTTCCTTGACCCTTCC	GGCACAAAATCTGCTGGTCG	503	True	True	1
Chr4:2097473-2098525_1	Uecc|Chr4-2097473-2098525-1053	TTTGTATGGTGTACCCCGGC	GAATCAACATCGAGCGACGC	444	False	False	1
Chr4:2097473-2098525_2	Uecc|Chr4-2097473-2098525-1053	TTTGTATGGTGTACCCCGGC	CGAATCAACATCGAGCGACG	445	False	False	1
Chr4:2097473-2098525_3	Uecc|Chr4-2097473-2098525-1053	CAGTGGTGACTAGGTTGGCC	AATTGCCTTTTCCCGAACGC	481	True	False	1
Chr4:2097473-2098525_4	Uecc|Chr4-2097473-2098525-1053	GGCAGTGGTGACTAGGTTGG	AATTGCCTTTTCCCGAACGC	483	True	False	1
Chr4:2097473-2098525_5	Uecc|Chr4-2097473-2098525-1053	CAGTGGTGACTAGGTTGGCC	AATTGCCTTTTCCCGAACGC	481	True	False	1
Chr8:10111091-10111298	Uecc|Chr8-10111091-10111298-208			0	False	False	1
Chr8:19924496-19924995_1	Uecc|Chr8-19924496-19924995-500	TCTCGTAGAACATGCACCGG	TGTGTGTCTCCGATCTTGGC	444	True	False	1
Chr8:19924496-19924995_2	Uecc|Chr8-19924496-19924995-500	TCTCGTAGAACATGCACCGG	TGTGTGTCTCCGATCTTGGC	444	True	False	1
Chr8:19924496-19924995_3	Uecc|Chr8-19924496-19924995-500	TCCTCGTCTTGTCCTCCTCC	TGTGTGTCTCCGATCTTGGC	556	True	False	1
Chr8:19924496-19924995_4	Uecc|Chr8-19924496-19924995-500	GAACGGGCAGTACCATTTGC	CTACGAGATGACGCTGGAGC	443	True	False	1
Chr8:19924496-19924995_5	Uecc|Chr8-19924496-19924995-500	TCTCGTAGAACATGCACCGG	CTACGAGATGACGCTGGAGC	507	True	False	1
Chr8:11674618-11675217_1	Uecc|Chr8-11674618-11675217-600	GTTGGTCGGTTTTCCCTTGC	TGAGCGGCCTCTTTAAGACC	594	False	False	1
Chr8:11674618-11675217_2	Uecc|Chr8-11674618-11675217-600	CTACTGTCGGTGTCATGGGG	GCATCAGCAAGGGAAAACCG	468	False	False	1
Chr8:11674618-11675217_3	Uecc|Chr8-11674618-11675217-600	CTACTGTCGGTGTCATGGGG	CGCATCAGCAAGGGAAAACC	469	False	False	1
Chr8:11674618-11675217_4	Uecc|Chr8-11674618-11675217-600	GTTGGTCGGTTTTCCCTTGC	GGGAAGAGGAAGCAAGAGGG	426	False	False	1
Chr8:11674618-11675217_5	Uecc|Chr8-11674618-11675217-600	GTTGGTCGGTTTTCCCTTGC	GGGGAAGAGGAAGCAAGAGG	427	False	False	1
Chr8:8427352-8427604_1	Uecc|Chr8-8427352-8427604-253	AGGAGACTGCCCCTCAATGC	TCCGGCTAATCTTTGGGACG	437	True	True	1
Chr8:8427352-8427604_2	Uecc|Chr8-8427352-8427604-253	AGGAGACTGCCCCTCAATGC	TCCTCCGGCTAATCTTTGGG	440	True	True	1
Chr8:8427352-8427604_3	Uecc|Chr8-8427352-8427604-253	AGGAGACTGCCCCTCAATGC	CTCCTCCGGCTAATCTTTGGG	441	True	True	1
Chr8:8427352-8427604_4	Uecc|Chr8-8427352-8427604-253	AGGAGACTGCCCCTCAATGC	CCTCCTCCGGCTAATCTTTGG	442	True	True	1
Chr8:8427352-8427604_5	Uecc|Chr8-8427352-8427604-253	AGGAGACTGCCCCTCAATGC	CTCCGGCTAATCTTTGGGACG	438	True	True	1
Chr11:22085464-22086724_1	Uecc|Chr11-22085464-22086724-1261	CCTCGAGTCGTCGTAGAACG	AAGAGAGAGACGCCTTTGGC	449	True	True	1
Chr11:22085464-22086724_2	Uecc|Chr11-22085464-22086724-1261	GTCGTCGTAGAACGTCCTCC	AAGAGAGAGACGCCTTTGGC	443	True	True	1
Chr11:22085464-22086724_3	Uecc|Chr11-22085464-22086724-1261	TGTTCCAGCCATAGACGACG	CGTTCTACGACGACTCGAGG	459	True	True	1
Chr11:22085464-22086724_4	Uecc|Chr11-22085464-22086724-1261	GAACTCCCACTCTACTCGCG	CACCGACATGGACTTCTCCC	536	True	True	1
Chr11:22085464-22086724_5	Uecc|Chr11-22085464-22086724-1261	CGAACTCCCACTCTACTCGC	CACCGACATGGACTTCTCCC	537	True	True	1
Chr1:41484887-41485206_1	Uecc|Chr1-41484887-41485206-320	GTGGAAGGAGGGGAGAAACG	TCCCAAAAGAGCTCTGGACG	439	False	False	1
Chr1:41484887-41485206_2	Uecc|Chr1-41484887-41485206-320	GAGAAACGTGGAAGGAGGGG	TCCCAAAAGAGCTCTGGACG	446	False	False	1
Chr1:41484887-41485206_3	Uecc|Chr1-41484887-41485206-320	GGAGAAACGTGGAAGGAGGG	TCCCAAAAGAGCTCTGGACG	447	False	False	1
Chr1:41484887-41485206_4	Uecc|Chr1-41484887-41485206-320	ATTGGGAGTCGTTCTCTCGC	TCCCAAAAGAGCTCTGGACG	404	False	False	1
Chr1:41484887-41485206_5	Uecc|Chr1-41484887-41485206-320	CGGGAAGGAGAGGAGAAACG	TCCCAAAAGAGCTCTGGACG	458	False	False	1
Chr9:10091-10398	Uecc|Chr9-10091-10398-308			0	False	False	1
Chr2:9057995-9058881_1	Uecc|Chr2-9057995-9058881-887	TTAAGAACCGTGGTGGGACG	GTGGTTTTGATCCTGCGTGG	512	False	True	1
Chr2:9057995-9058881_2	Uecc|Chr2-9057995-9058881-887	TTCAATCCCATTCCCCAGCC	TGAATAGGATGACAGCGGCG	457	True	True	1
Chr2:9057995-9058881_3	Uecc|Chr2-9057995-9058881-887	CCCAGCCTCACTCTTCTTCC	TGAATAGGATGACAGCGGCG	444	True	True	1
Chr2:9057995-9058881_4	Uecc|Chr2-9057995-9058881-887	TTAAGAACCGTGGTGGGACG	TGCGTGGCAATTCAGTTAGC	499	False	True	1
Chr2:9057995-9058881_5	Uecc|Chr2-9057995-9058881-887	GAGAGAGGCATTGGTGGTGG	GTGGTTTTGATCCTGCGTGG	539	False	True	1
Chr6:18927260-18928130_1	Uecc|Chr6-18927260-18928130-871	AAGAAGGGCAGACGTGTAGC	TTCTCTCCTCTCCGAGCTCC	427	False	False	1
Chr6:18927260-18928130_2	Uecc|Chr6-18927260-18928130-871	TGGTGGACAAGAATGACCGG	GATGTAGACAGGTTCGGGCC	521	False	False	1
Chr6:18927260-18928130_3	Uecc|Chr6-18927260-18928130-871	AAGAAGGGCAGACGTGTAGC	GATGTAGACAGGTTCGGGCC	557	False	False	1
Chr6:18927260-18928130_4	Uecc|Chr6-18927260-18928130-871	GGTCTGTGACTGGTCTGACG	GATGTAGACAGGTTCGGGCC	503	False	False	1
Chr6:18927260-18928130_5	Uecc|Chr6-18927260-18928130-871	AGTGGTGCATGTGGTATCCC	ACCGGTCATTCTTGTCCACC	585	False	False	1
Chr5:12488155-12489406_1	Uecc|Chr5-12488155-12489406-1252	AATCGCCTAACACCAGGAGC	GGCTTGATATCCTGGGACCG	519	False	False	1
Chr5:12488155-12489406_2	Uecc|Chr5-12488155-12489406-1252	AATCGCCTAACACCAGGAGC	CAAGCAAATCCATCAGCCGG	587	False	False	1
Chr5:12488155-12489406_3	Uecc|Chr5-12488155-12489406-1252	AATCGCCTAACACCAGGAGC	CCAAGCAAATCCATCAGCCG	588	False	False	1
Chr5:12488155-12489406_4	Uecc|Chr5-12488155-12489406-1252	TAACGACCAGCTGGGAATCG	GGCTTGATATCCTGGGACCG	534	False	False	1
Chr5:12488155-12489406_5	Uecc|Chr5-12488155-12489406-1252	CTTGGTGTGGTTCGGTTTGC	GGCTTGATATCCTGGGACCG	415	False	False	1
Chr8:21829989-21832522_1	Uecc|Chr8-21829989-21832522-2534	AAACTAGCGTGGGACTGTGG	ACCAGTATGACACCACGTGG	531	True	True	1
Chr8:21829989-21832522_2	Uecc|Chr8-21829989-21832522-2534	AAACTAGCGTGGGACTGTGG	ATTGAAGTGAATGCGCACGC	471	True	True	1
Chr8:21829989-21832522_3	Uecc|Chr8-21829989-21832522-2534	GTGCCACCGTGGTAATAGGG	CTCCTCTTCGGATTCGGTGG	412	True	True	1
Chr8:21829989-21832522_4	Uecc|Chr8-21829989-21832522-2534	CAGTGAGTGGAGGCAAATGC	TTCCTAGAGGTTGGGAGGGG	595	True	True	1
Chr8:21829989-21832522_5	Uecc|Chr8-21829989-21832522-2534	CTCCACCGAATCCGAAGAGG	GTTGGATCTGCCCCTGATCG	404	True	True	1
Chr1:6280732-6281789_1	Uecc|Chr1-6280732-6281789-1058	GAAGAAGGGGAAGGGGAAGC	TGTTTTGGCTAATGTGGCGC	495	False	False	1
Chr1:6280732-6281789_2	Uecc|Chr1-6280732-6281789-1058	TCCCTCTTCTCTCTCCAGCC	TCTGGAGAAAGAGGGAGGGG	430	False	False	1
Chr1:6280732-6281789_3	Uecc|Chr1-6280732-6281789-1058	TCCCTCTTCTCTCTCCAGCC	GCGGATCTGGAGAAAGAGGG	435	False	False	1
Chr1:6280732-6281789_4	Uecc|Chr1-6280732-6281789-1058	GAAGAAGGGGAAGGGGAAGC	ACCGGAGTCAAATACTGCCG	545	False	False	1
Chr1:6280732-6281789_5	Uecc|Chr1-6280732-6281789-1058	GAAGAAGGGGAAGGGGAAGC	TACTGCCGAGGGACCTATCC	533	False	False	1
Chr8:10204127-10205654_1	Uecc|Chr8-10204127-10205654-1528	GACACACCGGTTGATTAGCG	ATGTGGAGATGGTTGAGGCC	548	True	True	1
Chr8:10204127-10205654_2	Uecc|Chr8-10204127-10205654-1528	TGCAAGATGATTTGTCGGCC	CATGAGAGTGGAGGTCGTGG	460	True	True	1
Chr8:10204127-10205654_3	Uecc|Chr8-10204127-10205654-1528	TCCGCACATCACCAAACTCC	TTTGGGAGAGTTGGCTGAGG	497	True	True	1
Chr8:10204127-10205654_4	Uecc|Chr8-10204127-10205654-1528	ACAACACCTTAGCCTCAGCC	CCTTAGCCTTAGCCAACTCCC	588	True	True	1
Chr8:10204127-10205654_5	Uecc|Chr8-10204127-10205654-1528	ACAACACCTTAGCCTCAGCC	CCCTTAGCCTTAGCCAACTCC	589	True	True	1
Chr3:31639492-31640138_1	Uecc|Chr3-31639492-31640138-647	TGGATTAACCGCGAGAGACG	GAACGAGAGGACCAAGTCGG	440	True	True	1
Chr3:31639492-31640138_2	Uecc|Chr3-31639492-31640138-647	TGGATTAACCGCGAGAGACG	GAACGAGAGGACCAAGTCGG	440	True	True	1
Chr3:31639492-31640138_3	Uecc|Chr3-31639492-31640138-647	GACACACACAATCACGCAGG	GAACGAGAGGACCAAGTCGG	476	True	True	1
Chr3:31639492-31640138_4	Uecc|Chr3-31639492-31640138-647	GACACACACAATCACGCAGG	GAACGAGAGGACCAAGTCGG	476	True	True	1
Chr3:31639492-31640138_5	Uecc|Chr3-31639492-31640138-647	ACTCCGGCCGAATGATAACG	CTGCGTGATTGTGTGTGTCG	431	False	True	1
Chr2:3812269-3813320_1	Uecc|Chr2-3812269-3813320-1052	AAGATCGCCTCCAAAGAGCC	TTGATGTGACACTCCGGACG	550	False	False	1
Chr2:3812269-3813320_2	Uecc|Chr2-3812269-3813320-1052	CAAAGAGCCCCAGACTACCG	TTGATGTGACACTCCGGACG	539	False	False	1
Chr2:3812269-3813320_3	Uecc|Chr2-3812269-3813320-1052	CCAAAGAGCCCCAGACTACC	TTGATGTGACACTCCGGACG	540	False	False	1
Chr2:3812269-3813320_4	Uecc|Chr2-3812269-3813320-1052	TCAGCGGTTCTGTCAAGTCC	AGATCTTCCTGGGTCGGAGG	547	False	False	1
Chr2:3812269-3813320_5	Uecc|Chr2-3812269-3813320-1052	AAGATCGCCTCCAAAGAGCC	AGATCTTCCTGGGTCGGAGG	447	False	False	1
Chr5:3934297-3934690_1	Uecc|Chr5-3934297-3934690-394	CTTGCTGATTCTGCTGCTGC	CGCTACACCAATCCCTACCC	523	False	False	1
Chr5:3934297-3934690_2	Uecc|Chr5-3934297-3934690-394	CTTGCTGATTCTGCTGCTGC	CCGCTACACCAATCCCTACC	524	False	False	1
Chr5:3934297-3934690_3	Uecc|Chr5-3934297-3934690-394	GGCTTTGGGCATTTATCCGC	GTGCTTCAACTGCTTCGAGC	444	False	False	1
Chr5:3934297-3934690_4	Uecc|Chr5-3934297-3934690-394	GAAGCAGTTGAAGCACAGCC	CAGCAGCAGAATCAGCAAGG	507	False	False	1
Chr5:3934297-3934690_5	Uecc|Chr5-3934297-3934690-394	GGTAGGGATTGGTGTAGCGG	AGCACAAGGAGCTGGAATCG	486	False	False	1
Chr12:26086608-26089193_1	Uecc|Chr12-26086608-26089193-2586	GCTTAGGGATGTGCAATGCG	TCTTCTCCCTGCTCTCTCCC	531	False	False	1
Chr12:26086608-26089193_2	Uecc|Chr12-26086608-26089193-2586	TAAGCTCCTCAAACGCTCCG	TCTTCTCCCTGCTCTCTCCC	444	False	False	1
Chr12:26086608-26089193_3	Uecc|Chr12-26086608-26089193-2586	CATGGCCATTTGCTGTCTGG	CGCATTGCACATCCCTAAGC	545	False	False	1
Chr12:26086608-26089193_4	Uecc|Chr12-26086608-26089193-2586	CAGGCCCTGCAGATCATACC	CGCATTGCACATCCCTAAGC	570	False	False	1
Chr12:26086608-26089193_5	Uecc|Chr12-26086608-26089193-2586	CTGCGCCATTATTTCCAGGC	CTATCCCGTCAAAATGGCGC	574	False	False	1
Chr12:5667583-5668614_1	Uecc|Chr12-5667583-5668614-1032	TCCGTTACCTTTTGGGAGGC	TCCTCCGACTTCCCTAGAGC	519	False	False	1
Chr12:5667583-5668614_2	Uecc|Chr12-5667583-5668614-1032	TCCGTTACCTTTTGGGAGGC	GGTCTGATGACAGGGAAGCC	420	False	False	1
Chr12:5667583-5668614_3	Uecc|Chr12-5667583-5668614-1032	TTATCCTCTCCGCACTTGGC	TAACCTTGTGTCAGACCCGC	548	False	False	1
Chr12:5667583-5668614_4	Uecc|Chr12-5667583-5668614-1032	TTATCCTCTCCGCACTTGGC	TCCCAAAAGGTAACGGAGGC	481	False	False	1
Chr12:5667583-5668614_5	Uecc|Chr12-5667583-5668614-1032	TTATCCTCTCCGCACTTGGC	AGGCCTCCCAAAAGGTAACG	486	False	False	1
Chr2:1388805-1388938	Uecc|Chr2-1388805-1388938-134			0	False	False	1
Chr2:8740494-8741141_1	Uecc|Chr2-8740494-8741141-648	AACTTAGACACCTCAGCGCC	ATCTCCTTCGCCATTGGAGC	529	False	True	1
Chr2:8740494-8741141_2	Uecc|Chr2-8740494-8741141-648	AACTTAGACACCTCAGCGCC	ATCTCCTTCGCCATTGGAGC	529	False	True	1
Chr2:8740494-8741141_3	Uecc|Chr2-8740494-8741141-648	GTAGGGTAGCGAGTGTGTGG	GCATGAGGAGGAGAGTCTGC	456	True	True	1
Chr2:8740494-8741141_4	Uecc|Chr2-8740494-8741141-648	GCAGACTCTCCTCCTCATGC	CAGCCTCCTATTCACGGTGG	437	True	True	1
Chr2:8740494-8741141_5	Uecc|Chr2-8740494-8741141-648	TCCAATGGCGAAGGAGATGG	GCATGAGGAGGAGAGTCTGC	431	True	True	1
Chr2:4898757-4899514_1	Uecc|Chr2-4898757-4899514-758	AGCCATCCTCCAAGAACTCG	GTCGAACCCCTACATGAGCC	426	True	True	1
Chr2:4898757-4899514_2	Uecc|Chr2-4898757-4899514-758	GAACTCGAACCTGATCCGGC	GTCGAACCCCTACATGAGCC	413	True	True	1
Chr2:4898757-4899514_3	Uecc|Chr2-4898757-4899514-758	AGAACTCGAACCTGATCCGG	GTCGAACCCCTACATGAGCC	414	True	True	1
Chr2:4898757-4899514_4	Uecc|Chr2-4898757-4899514-758	AGCCATCCTCCAAGAACTCG	CGTCGAACCCCTACATGAGC	427	True	True	1
Chr2:4898757-4899514_5	Uecc|Chr2-4898757-4899514-758	AAGCCATCCTCCAAGAACTCG	GTCGAACCCCTACATGAGCC	427	True	True	1
